<?xml version="1.0" encoding="UTF-8"?>
<mutations>
<mutation detected='true' status='KILLED' numberOfTestsRun='1'><sourceFile>RulesModule.java</sourceFile><mutatedClass>nl.tudelft.unischeduler.rules.core.RulesModule</mutatedClass><mutatedMethod>availableForSignUp</mutatedMethod><methodDescription>(Lnl/tudelft/unischeduler/rules/entities/Lecture;)Z</methodDescription><lineNumber>104</lineNumber><mutator>org.pitest.mutationtest.engine.gregor.mutators.BooleanTrueReturnValsMutator</mutator><index>22</index><block>7</block><killingTest>nl.tudelft.unischeduler.rules.coretests.RulesModuleTest.[engine:junit-jupiter]/[class:nl.tudelft.unischeduler.rules.coretests.RulesModuleTest]/[method:availableForSignUp_AttendanceAboveMax()]</killingTest><description>replaced boolean return with true for nl/tudelft/unischeduler/rules/core/RulesModule::availableForSignUp</description></mutation>
<mutation detected='true' status='KILLED' numberOfTestsRun='1'><sourceFile>RulesModule.java</sourceFile><mutatedClass>nl.tudelft.unischeduler.rules.core.RulesModule</mutatedClass><mutatedMethod>availableForSignUp</mutatedMethod><methodDescription>(Lnl/tudelft/unischeduler/rules/entities/Lecture;)Z</methodDescription><lineNumber>104</lineNumber><mutator>org.pitest.mutationtest.engine.gregor.mutators.ConditionalsBoundaryMutator</mutator><index>14</index><block>4</block><killingTest>nl.tudelft.unischeduler.rules.coretests.RulesModuleTest.[engine:junit-jupiter]/[class:nl.tudelft.unischeduler.rules.coretests.RulesModuleTest]/[method:availableForSignUp_AttendanceAboveMax()]</killingTest><description>changed conditional boundary</description></mutation>
<mutation detected='true' status='KILLED' numberOfTestsRun='1'><sourceFile>RulesModule.java</sourceFile><mutatedClass>nl.tudelft.unischeduler.rules.core.RulesModule</mutatedClass><mutatedMethod>availableForSignUp</mutatedMethod><methodDescription>(Lnl/tudelft/unischeduler/rules/entities/Lecture;)Z</methodDescription><lineNumber>104</lineNumber><mutator>org.pitest.mutationtest.engine.gregor.mutators.NegateConditionalsMutator</mutator><index>14</index><block>4</block><killingTest>nl.tudelft.unischeduler.rules.coretests.RulesModuleTest.[engine:junit-jupiter]/[class:nl.tudelft.unischeduler.rules.coretests.RulesModuleTest]/[method:availableForSignUp_AttendanceAboveMax()]</killingTest><description>negated conditional</description></mutation>
<mutation detected='true' status='KILLED' numberOfTestsRun='1'><sourceFile>RulesModule.java</sourceFile><mutatedClass>nl.tudelft.unischeduler.rules.core.RulesModule</mutatedClass><mutatedMethod>canBeScheduled</mutatedMethod><methodDescription>(Ljava/lang/String;)Z</methodDescription><lineNumber>143</lineNumber><mutator>org.pitest.mutationtest.engine.gregor.mutators.BooleanTrueReturnValsMutator</mutator><index>23</index><block>7</block><killingTest>nl.tudelft.unischeduler.rules.coretests.RulesModuleAdvancedTest.[engine:junit-jupiter]/[class:nl.tudelft.unischeduler.rules.coretests.RulesModuleAdvancedTest]/[test-template:canScheduleTest(boolean, boolean, boolean)]/[test-template-invocation:#2]</killingTest><description>replaced boolean return with true for nl/tudelft/unischeduler/rules/core/RulesModule::canBeScheduled</description></mutation>
<mutation detected='true' status='KILLED' numberOfTestsRun='1'><sourceFile>RulesModule.java</sourceFile><mutatedClass>nl.tudelft.unischeduler.rules.core.RulesModule</mutatedClass><mutatedMethod>canBeScheduled</mutatedMethod><methodDescription>(Ljava/lang/String;)Z</methodDescription><lineNumber>143</lineNumber><mutator>org.pitest.mutationtest.engine.gregor.mutators.NegateConditionalsMutator</mutator><index>12</index><block>2</block><killingTest>nl.tudelft.unischeduler.rules.coretests.RulesModuleAdvancedTest.[engine:junit-jupiter]/[class:nl.tudelft.unischeduler.rules.coretests.RulesModuleAdvancedTest]/[test-template:canScheduleTest(boolean, boolean, boolean)]/[test-template-invocation:#2]</killingTest><description>negated conditional</description></mutation>
<mutation detected='true' status='KILLED' numberOfTestsRun='1'><sourceFile>RulesModule.java</sourceFile><mutatedClass>nl.tudelft.unischeduler.rules.core.RulesModule</mutatedClass><mutatedMethod>canBeScheduled</mutatedMethod><methodDescription>(Ljava/lang/String;)Z</methodDescription><lineNumber>143</lineNumber><mutator>org.pitest.mutationtest.engine.gregor.mutators.NegateConditionalsMutator</mutator><index>15</index><block>4</block><killingTest>nl.tudelft.unischeduler.rules.coretests.RulesModuleAdvancedTest.[engine:junit-jupiter]/[class:nl.tudelft.unischeduler.rules.coretests.RulesModuleAdvancedTest]/[test-template:canScheduleTest(boolean, boolean, boolean)]/[test-template-invocation:#4]</killingTest><description>negated conditional</description></mutation>
<mutation detected='false' status='SURVIVED' numberOfTestsRun='22'><sourceFile>RulesModule.java</sourceFile><mutatedClass>nl.tudelft.unischeduler.rules.core.RulesModule</mutatedClass><mutatedMethod>getCapacity</mutatedMethod><methodDescription>(I)I</methodDescription><lineNumber>59</lineNumber><mutator>org.pitest.mutationtest.engine.gregor.mutators.ConditionalsBoundaryMutator</mutator><index>12</index><block>1</block><killingTest/><description>changed conditional boundary</description></mutation>
<mutation detected='true' status='KILLED' numberOfTestsRun='1'><sourceFile>RulesModule.java</sourceFile><mutatedClass>nl.tudelft.unischeduler.rules.core.RulesModule</mutatedClass><mutatedMethod>getCapacity</mutatedMethod><methodDescription>(I)I</methodDescription><lineNumber>61</lineNumber><mutator>org.pitest.mutationtest.engine.gregor.mutators.ConditionalsBoundaryMutator</mutator><index>22</index><block>2</block><killingTest>nl.tudelft.unischeduler.rules.coretests.RulesModuleTest.[engine:junit-jupiter]/[class:nl.tudelft.unischeduler.rules.coretests.RulesModuleTest]/[method:getCapacity_WhenEqualToThreshold()]</killingTest><description>changed conditional boundary</description></mutation>
<mutation detected='true' status='KILLED' numberOfTestsRun='5'><sourceFile>RulesModule.java</sourceFile><mutatedClass>nl.tudelft.unischeduler.rules.core.RulesModule</mutatedClass><mutatedMethod>getCapacity</mutatedMethod><methodDescription>(I)I</methodDescription><lineNumber>65</lineNumber><mutator>org.pitest.mutationtest.engine.gregor.mutators.ConditionalsBoundaryMutator</mutator><index>38</index><block>4</block><killingTest>nl.tudelft.unischeduler.rules.coretests.RulesModuleTest.[engine:junit-jupiter]/[class:nl.tudelft.unischeduler.rules.coretests.RulesModuleTest]/[method:getCapacity_WhenAboveAllThresholds()]</killingTest><description>changed conditional boundary</description></mutation>
<mutation detected='true' status='KILLED' numberOfTestsRun='1'><sourceFile>RulesModule.java</sourceFile><mutatedClass>nl.tudelft.unischeduler.rules.core.RulesModule</mutatedClass><mutatedMethod>getCapacity</mutatedMethod><methodDescription>(I)I</methodDescription><lineNumber>62</lineNumber><mutator>org.pitest.mutationtest.engine.gregor.mutators.IncrementsMutator</mutator><index>25</index><block>3</block><killingTest>nl.tudelft.unischeduler.rules.coretests.RulesModuleTest.[engine:junit-jupiter]/[class:nl.tudelft.unischeduler.rules.coretests.RulesModuleTest]/[method:getCapacity_WhenEqualToThreshold()]</killingTest><description>Changed increment from -1 to 1</description></mutation>
<mutation detected='true' status='KILLED' numberOfTestsRun='5'><sourceFile>RulesModule.java</sourceFile><mutatedClass>nl.tudelft.unischeduler.rules.core.RulesModule</mutatedClass><mutatedMethod>getCapacity</mutatedMethod><methodDescription>(I)I</methodDescription><lineNumber>65</lineNumber><mutator>org.pitest.mutationtest.engine.gregor.mutators.MathMutator</mutator><index>34</index><block>4</block><killingTest>nl.tudelft.unischeduler.rules.coretests.RulesModuleTest.[engine:junit-jupiter]/[class:nl.tudelft.unischeduler.rules.coretests.RulesModuleTest]/[method:getCapacity_WhenAboveAllThresholds()]</killingTest><description>Replaced integer addition with subtraction</description></mutation>
<mutation detected='true' status='KILLED' numberOfTestsRun='1'><sourceFile>RulesModule.java</sourceFile><mutatedClass>nl.tudelft.unischeduler.rules.core.RulesModule</mutatedClass><mutatedMethod>getCapacity</mutatedMethod><methodDescription>(I)I</methodDescription><lineNumber>71</lineNumber><mutator>org.pitest.mutationtest.engine.gregor.mutators.MathMutator</mutator><index>57</index><block>7</block><killingTest>nl.tudelft.unischeduler.rules.coretests.RulesModuleTest.[engine:junit-jupiter]/[class:nl.tudelft.unischeduler.rules.coretests.RulesModuleTest]/[method:getCapacity_WhenEqualToThreshold()]</killingTest><description>Replaced integer multiplication with division</description></mutation>
<mutation detected='true' status='KILLED' numberOfTestsRun='1'><sourceFile>RulesModule.java</sourceFile><mutatedClass>nl.tudelft.unischeduler.rules.core.RulesModule</mutatedClass><mutatedMethod>getCapacity</mutatedMethod><methodDescription>(I)I</methodDescription><lineNumber>71</lineNumber><mutator>org.pitest.mutationtest.engine.gregor.mutators.MathMutator</mutator><index>59</index><block>7</block><killingTest>nl.tudelft.unischeduler.rules.coretests.RulesModuleTest.[engine:junit-jupiter]/[class:nl.tudelft.unischeduler.rules.coretests.RulesModuleTest]/[method:getCapacity_WhenEqualToThreshold()]</killingTest><description>Replaced integer division with multiplication</description></mutation>
<mutation detected='true' status='KILLED' numberOfTestsRun='1'><sourceFile>RulesModule.java</sourceFile><mutatedClass>nl.tudelft.unischeduler.rules.core.RulesModule</mutatedClass><mutatedMethod>getCapacity</mutatedMethod><methodDescription>(I)I</methodDescription><lineNumber>59</lineNumber><mutator>org.pitest.mutationtest.engine.gregor.mutators.NegateConditionalsMutator</mutator><index>12</index><block>1</block><killingTest>nl.tudelft.unischeduler.rules.coretests.RulesModuleTest.[engine:junit-jupiter]/[class:nl.tudelft.unischeduler.rules.coretests.RulesModuleTest]/[method:getCapacity_WhenEqualToThreshold()]</killingTest><description>negated conditional</description></mutation>
<mutation detected='true' status='KILLED' numberOfTestsRun='1'><sourceFile>RulesModule.java</sourceFile><mutatedClass>nl.tudelft.unischeduler.rules.core.RulesModule</mutatedClass><mutatedMethod>getCapacity</mutatedMethod><methodDescription>(I)I</methodDescription><lineNumber>61</lineNumber><mutator>org.pitest.mutationtest.engine.gregor.mutators.NegateConditionalsMutator</mutator><index>22</index><block>2</block><killingTest>nl.tudelft.unischeduler.rules.coretests.RulesModuleTest.[engine:junit-jupiter]/[class:nl.tudelft.unischeduler.rules.coretests.RulesModuleTest]/[method:getCapacity_WhenEqualToThreshold()]</killingTest><description>negated conditional</description></mutation>
<mutation detected='true' status='KILLED' numberOfTestsRun='1'><sourceFile>RulesModule.java</sourceFile><mutatedClass>nl.tudelft.unischeduler.rules.core.RulesModule</mutatedClass><mutatedMethod>getCapacity</mutatedMethod><methodDescription>(I)I</methodDescription><lineNumber>65</lineNumber><mutator>org.pitest.mutationtest.engine.gregor.mutators.NegateConditionalsMutator</mutator><index>38</index><block>4</block><killingTest>nl.tudelft.unischeduler.rules.coretests.RulesModuleTest.[engine:junit-jupiter]/[class:nl.tudelft.unischeduler.rules.coretests.RulesModuleTest]/[method:getCapacity_WhenEqualToThreshold()]</killingTest><description>negated conditional</description></mutation>
<mutation detected='true' status='KILLED' numberOfTestsRun='1'><sourceFile>RulesModule.java</sourceFile><mutatedClass>nl.tudelft.unischeduler.rules.core.RulesModule</mutatedClass><mutatedMethod>getCapacity</mutatedMethod><methodDescription>(I)I</methodDescription><lineNumber>71</lineNumber><mutator>org.pitest.mutationtest.engine.gregor.mutators.PrimitiveReturnsMutator</mutator><index>60</index><block>7</block><killingTest>nl.tudelft.unischeduler.rules.coretests.RulesModuleTest.[engine:junit-jupiter]/[class:nl.tudelft.unischeduler.rules.coretests.RulesModuleTest]/[method:getCapacity_WhenEqualToThreshold()]</killingTest><description>replaced int return with 0 for nl/tudelft/unischeduler/rules/core/RulesModule::getCapacity</description></mutation>
<mutation detected='true' status='KILLED' numberOfTestsRun='1'><sourceFile>RulesModule.java</sourceFile><mutatedClass>nl.tudelft.unischeduler.rules.core.RulesModule</mutatedClass><mutatedMethod>getCapacityOfRoom</mutatedMethod><methodDescription>(I)I</methodDescription><lineNumber>77</lineNumber><mutator>org.pitest.mutationtest.engine.gregor.mutators.PrimitiveReturnsMutator</mutator><index>14</index><block>3</block><killingTest>nl.tudelft.unischeduler.rules.coretests.RulesModuleAdvancedTest.[engine:junit-jupiter]/[class:nl.tudelft.unischeduler.rules.coretests.RulesModuleAdvancedTest]/[method:getCapacityOfRoomTest()]</killingTest><description>replaced int return with 0 for nl/tudelft/unischeduler/rules/core/RulesModule::getCapacityOfRoom</description></mutation>
<mutation detected='true' status='KILLED' numberOfTestsRun='1'><sourceFile>RulesModule.java</sourceFile><mutatedClass>nl.tudelft.unischeduler.rules.core.RulesModule</mutatedClass><mutatedMethod>getNextStartTime</mutatedMethod><methodDescription>(Lnl/tudelft/unischeduler/rules/entities/Lecture;)Ljava/sql/Timestamp;</methodDescription><lineNumber>89</lineNumber><mutator>org.pitest.mutationtest.engine.gregor.mutators.MathMutator</mutator><index>9</index><block>4</block><killingTest>nl.tudelft.unischeduler.rules.coretests.RulesModuleTest.[engine:junit-jupiter]/[class:nl.tudelft.unischeduler.rules.coretests.RulesModuleTest]/[method:getNextStartTime()]</killingTest><description>Replaced long addition with subtraction</description></mutation>
<mutation detected='true' status='KILLED' numberOfTestsRun='1'><sourceFile>RulesModule.java</sourceFile><mutatedClass>nl.tudelft.unischeduler.rules.core.RulesModule</mutatedClass><mutatedMethod>getNextStartTime</mutatedMethod><methodDescription>(Lnl/tudelft/unischeduler/rules/entities/Lecture;)Ljava/sql/Timestamp;</methodDescription><lineNumber>90</lineNumber><mutator>org.pitest.mutationtest.engine.gregor.mutators.MathMutator</mutator><index>18</index><block>4</block><killingTest>nl.tudelft.unischeduler.rules.coretests.RulesModuleTest.[engine:junit-jupiter]/[class:nl.tudelft.unischeduler.rules.coretests.RulesModuleTest]/[method:getNextStartTime()]</killingTest><description>Replaced long addition with subtraction</description></mutation>
<mutation detected='true' status='KILLED' numberOfTestsRun='1'><sourceFile>RulesModule.java</sourceFile><mutatedClass>nl.tudelft.unischeduler.rules.core.RulesModule</mutatedClass><mutatedMethod>getNextStartTime</mutatedMethod><methodDescription>(Lnl/tudelft/unischeduler/rules/entities/Lecture;)Ljava/sql/Timestamp;</methodDescription><lineNumber>90</lineNumber><mutator>org.pitest.mutationtest.engine.gregor.mutators.NullReturnValsMutator</mutator><index>20</index><block>5</block><killingTest>nl.tudelft.unischeduler.rules.coretests.RulesModuleTest.[engine:junit-jupiter]/[class:nl.tudelft.unischeduler.rules.coretests.RulesModuleTest]/[method:getNextStartTime()]</killingTest><description>replaced return value with null for nl/tudelft/unischeduler/rules/core/RulesModule::getNextStartTime</description></mutation>
<mutation detected='true' status='KILLED' numberOfTestsRun='1'><sourceFile>RulesModule.java</sourceFile><mutatedClass>nl.tudelft.unischeduler.rules.core.RulesModule</mutatedClass><mutatedMethod>overlap</mutatedMethod><methodDescription>(Lnl/tudelft/unischeduler/rules/entities/Lecture;)Z</methodDescription><lineNumber>138</lineNumber><mutator>org.pitest.mutationtest.engine.gregor.mutators.BooleanFalseReturnValsMutator</mutator><index>53</index><block>11</block><killingTest>nl.tudelft.unischeduler.rules.coretests.RulesModuleAdvancedTest.[engine:junit-jupiter]/[class:nl.tudelft.unischeduler.rules.coretests.RulesModuleAdvancedTest]/[test-template:noOverlapTest(java.util.List)]/[test-template-invocation:#1]</killingTest><description>replaced boolean return with false for nl/tudelft/unischeduler/rules/core/RulesModule::overlap</description></mutation>
<mutation detected='true' status='KILLED' numberOfTestsRun='1'><sourceFile>RulesModule.java</sourceFile><mutatedClass>nl.tudelft.unischeduler.rules.core.RulesModule</mutatedClass><mutatedMethod>overlap</mutatedMethod><methodDescription>(Lnl/tudelft/unischeduler/rules/entities/Lecture;)Z</methodDescription><lineNumber>135</lineNumber><mutator>org.pitest.mutationtest.engine.gregor.mutators.BooleanTrueReturnValsMutator</mutator><index>43</index><block>9</block><killingTest>nl.tudelft.unischeduler.rules.coretests.RulesModuleAdvancedTest.[engine:junit-jupiter]/[class:nl.tudelft.unischeduler.rules.coretests.RulesModuleAdvancedTest]/[test-template:overlapLectureTest(java.util.List)]/[test-template-invocation:#2]</killingTest><description>replaced boolean return with true for nl/tudelft/unischeduler/rules/core/RulesModule::overlap</description></mutation>
<mutation detected='true' status='KILLED' numberOfTestsRun='1'><sourceFile>RulesModule.java</sourceFile><mutatedClass>nl.tudelft.unischeduler.rules.core.RulesModule</mutatedClass><mutatedMethod>overlap</mutatedMethod><methodDescription>(Lnl/tudelft/unischeduler/rules/entities/Lecture;)Z</methodDescription><lineNumber>133</lineNumber><mutator>org.pitest.mutationtest.engine.gregor.mutators.NegateConditionalsMutator</mutator><index>32</index><block>6</block><killingTest>nl.tudelft.unischeduler.rules.coretests.RulesModuleAdvancedTest.[engine:junit-jupiter]/[class:nl.tudelft.unischeduler.rules.coretests.RulesModuleAdvancedTest]/[test-template:overlapLectureTest(java.util.List)]/[test-template-invocation:#2]</killingTest><description>negated conditional</description></mutation>
<mutation detected='true' status='KILLED' numberOfTestsRun='1'><sourceFile>RulesModule.java</sourceFile><mutatedClass>nl.tudelft.unischeduler.rules.core.RulesModule</mutatedClass><mutatedMethod>overlap</mutatedMethod><methodDescription>(Lnl/tudelft/unischeduler/rules/entities/Lecture;)Z</methodDescription><lineNumber>134</lineNumber><mutator>org.pitest.mutationtest.engine.gregor.mutators.NegateConditionalsMutator</mutator><index>39</index><block>8</block><killingTest>nl.tudelft.unischeduler.rules.coretests.RulesModuleAdvancedTest.[engine:junit-jupiter]/[class:nl.tudelft.unischeduler.rules.coretests.RulesModuleAdvancedTest]/[test-template:overlapLectureTest(java.util.List)]/[test-template-invocation:#2]</killingTest><description>negated conditional</description></mutation>
<mutation detected='true' status='KILLED' numberOfTestsRun='1'><sourceFile>RulesModule.java</sourceFile><mutatedClass>nl.tudelft.unischeduler.rules.core.RulesModule</mutatedClass><mutatedMethod>overlap</mutatedMethod><methodDescription>(Lnl/tudelft/unischeduler/rules/entities/Lecture;Lnl/tudelft/unischeduler/rules/entities/Lecture;)Z</methodDescription><lineNumber>118</lineNumber><mutator>org.pitest.mutationtest.engine.gregor.mutators.BooleanTrueReturnValsMutator</mutator><index>57</index><block>15</block><killingTest>nl.tudelft.unischeduler.rules.coretests.RulesModuleTest.[engine:junit-jupiter]/[class:nl.tudelft.unischeduler.rules.coretests.RulesModuleTest]/[method:overlap_L1BeforeL2_NoOverlap()]</killingTest><description>replaced boolean return with true for nl/tudelft/unischeduler/rules/core/RulesModule::overlap</description></mutation>
<mutation detected='false' status='SURVIVED' numberOfTestsRun='23'><sourceFile>RulesModule.java</sourceFile><mutatedClass>nl.tudelft.unischeduler.rules.core.RulesModule</mutatedClass><mutatedMethod>overlap</mutatedMethod><methodDescription>(Lnl/tudelft/unischeduler/rules/entities/Lecture;Lnl/tudelft/unischeduler/rules/entities/Lecture;)Z</methodDescription><lineNumber>118</lineNumber><mutator>org.pitest.mutationtest.engine.gregor.mutators.ConditionalsBoundaryMutator</mutator><index>18</index><block>4</block><killingTest/><description>changed conditional boundary</description></mutation>
<mutation detected='true' status='KILLED' numberOfTestsRun='2'><sourceFile>RulesModule.java</sourceFile><mutatedClass>nl.tudelft.unischeduler.rules.core.RulesModule</mutatedClass><mutatedMethod>overlap</mutatedMethod><methodDescription>(Lnl/tudelft/unischeduler/rules/entities/Lecture;Lnl/tudelft/unischeduler/rules/entities/Lecture;)Z</methodDescription><lineNumber>118</lineNumber><mutator>org.pitest.mutationtest.engine.gregor.mutators.ConditionalsBoundaryMutator</mutator><index>25</index><block>7</block><killingTest>nl.tudelft.unischeduler.rules.coretests.RulesModuleTest.[engine:junit-jupiter]/[class:nl.tudelft.unischeduler.rules.coretests.RulesModuleTest]/[method:overlap_L1BeforeL2_L1FinishesAsL2Starts()]</killingTest><description>changed conditional boundary</description></mutation>
<mutation detected='false' status='SURVIVED' numberOfTestsRun='21'><sourceFile>RulesModule.java</sourceFile><mutatedClass>nl.tudelft.unischeduler.rules.core.RulesModule</mutatedClass><mutatedMethod>overlap</mutatedMethod><methodDescription>(Lnl/tudelft/unischeduler/rules/entities/Lecture;Lnl/tudelft/unischeduler/rules/entities/Lecture;)Z</methodDescription><lineNumber>118</lineNumber><mutator>org.pitest.mutationtest.engine.gregor.mutators.ConditionalsBoundaryMutator</mutator><index>31</index><block>8</block><killingTest/><description>changed conditional boundary</description></mutation>
<mutation detected='true' status='KILLED' numberOfTestsRun='2'><sourceFile>RulesModule.java</sourceFile><mutatedClass>nl.tudelft.unischeduler.rules.core.RulesModule</mutatedClass><mutatedMethod>overlap</mutatedMethod><methodDescription>(Lnl/tudelft/unischeduler/rules/entities/Lecture;Lnl/tudelft/unischeduler/rules/entities/Lecture;)Z</methodDescription><lineNumber>119</lineNumber><mutator>org.pitest.mutationtest.engine.gregor.mutators.ConditionalsBoundaryMutator</mutator><index>40</index><block>11</block><killingTest>nl.tudelft.unischeduler.rules.coretests.RulesModuleTest.[engine:junit-jupiter]/[class:nl.tudelft.unischeduler.rules.coretests.RulesModuleTest]/[method:overlap_L2BeforeL1_L2FinishesAsL1Starts()]</killingTest><description>changed conditional boundary</description></mutation>
<mutation detected='true' status='KILLED' numberOfTestsRun='3'><sourceFile>RulesModule.java</sourceFile><mutatedClass>nl.tudelft.unischeduler.rules.core.RulesModule</mutatedClass><mutatedMethod>overlap</mutatedMethod><methodDescription>(Lnl/tudelft/unischeduler/rules/entities/Lecture;Lnl/tudelft/unischeduler/rules/entities/Lecture;)Z</methodDescription><lineNumber>118</lineNumber><mutator>org.pitest.mutationtest.engine.gregor.mutators.NegateConditionalsMutator</mutator><index>18</index><block>4</block><killingTest>nl.tudelft.unischeduler.rules.coretests.RulesModuleTest.[engine:junit-jupiter]/[class:nl.tudelft.unischeduler.rules.coretests.RulesModuleTest]/[method:overlap_L2BeforeL1_NoOverlap()]</killingTest><description>negated conditional</description></mutation>
<mutation detected='true' status='KILLED' numberOfTestsRun='1'><sourceFile>RulesModule.java</sourceFile><mutatedClass>nl.tudelft.unischeduler.rules.core.RulesModule</mutatedClass><mutatedMethod>overlap</mutatedMethod><methodDescription>(Lnl/tudelft/unischeduler/rules/entities/Lecture;Lnl/tudelft/unischeduler/rules/entities/Lecture;)Z</methodDescription><lineNumber>118</lineNumber><mutator>org.pitest.mutationtest.engine.gregor.mutators.NegateConditionalsMutator</mutator><index>25</index><block>7</block><killingTest>nl.tudelft.unischeduler.rules.coretests.RulesModuleTest.[engine:junit-jupiter]/[class:nl.tudelft.unischeduler.rules.coretests.RulesModuleTest]/[method:overlap_L1BeforeL2_NoOverlap()]</killingTest><description>negated conditional</description></mutation>
<mutation detected='true' status='KILLED' numberOfTestsRun='1'><sourceFile>RulesModule.java</sourceFile><mutatedClass>nl.tudelft.unischeduler.rules.core.RulesModule</mutatedClass><mutatedMethod>overlap</mutatedMethod><methodDescription>(Lnl/tudelft/unischeduler/rules/entities/Lecture;Lnl/tudelft/unischeduler/rules/entities/Lecture;)Z</methodDescription><lineNumber>118</lineNumber><mutator>org.pitest.mutationtest.engine.gregor.mutators.NegateConditionalsMutator</mutator><index>31</index><block>8</block><killingTest>nl.tudelft.unischeduler.rules.coretests.RulesModuleTest.[engine:junit-jupiter]/[class:nl.tudelft.unischeduler.rules.coretests.RulesModuleTest]/[method:overlap_L1BeforeL2_NoOverlap()]</killingTest><description>negated conditional</description></mutation>
<mutation detected='true' status='KILLED' numberOfTestsRun='1'><sourceFile>RulesModule.java</sourceFile><mutatedClass>nl.tudelft.unischeduler.rules.core.RulesModule</mutatedClass><mutatedMethod>overlap</mutatedMethod><methodDescription>(Lnl/tudelft/unischeduler/rules/entities/Lecture;Lnl/tudelft/unischeduler/rules/entities/Lecture;)Z</methodDescription><lineNumber>119</lineNumber><mutator>org.pitest.mutationtest.engine.gregor.mutators.NegateConditionalsMutator</mutator><index>40</index><block>11</block><killingTest>nl.tudelft.unischeduler.rules.coretests.RulesModuleTest.[engine:junit-jupiter]/[class:nl.tudelft.unischeduler.rules.coretests.RulesModuleTest]/[method:overlap_L2BeforeL1_NoOverlap()]</killingTest><description>negated conditional</description></mutation>
<mutation detected='true' status='KILLED' numberOfTestsRun='1'><sourceFile>RulesModule.java</sourceFile><mutatedClass>nl.tudelft.unischeduler.rules.core.RulesModule</mutatedClass><mutatedMethod>overlap</mutatedMethod><methodDescription>(Lnl/tudelft/unischeduler/rules/entities/Lecture;Lnl/tudelft/unischeduler/rules/entities/Lecture;)Z</methodDescription><lineNumber>119</lineNumber><mutator>org.pitest.mutationtest.engine.gregor.mutators.NegateConditionalsMutator</mutator><index>46</index><block>12</block><killingTest>nl.tudelft.unischeduler.rules.coretests.RulesModuleTest.[engine:junit-jupiter]/[class:nl.tudelft.unischeduler.rules.coretests.RulesModuleTest]/[method:overlap_L1BeforeL2_NoOverlap()]</killingTest><description>negated conditional</description></mutation>
<mutation detected='true' status='KILLED' numberOfTestsRun='3'><sourceFile>RulesModule.java</sourceFile><mutatedClass>nl.tudelft.unischeduler.rules.core.RulesModule</mutatedClass><mutatedMethod>setRules</mutatedMethod><methodDescription>(Lnl/tudelft/unischeduler/rules/entities/Ruleset;)V</methodDescription><lineNumber>44</lineNumber><mutator>org.pitest.mutationtest.engine.gregor.mutators.VoidMethodCallMutator</mutator><index>11</index><block>1</block><killingTest>nl.tudelft.unischeduler.rules.coretests.RulesModuleTest.[engine:junit-jupiter]/[class:nl.tudelft.unischeduler.rules.coretests.RulesModuleTest]/[method:getNextStartTime()]</killingTest><description>removed call to nl/tudelft/unischeduler/rules/core/RulesModule::setBreakTime</description></mutation>
<mutation detected='true' status='KILLED' numberOfTestsRun='14'><sourceFile>RulesModule.java</sourceFile><mutatedClass>nl.tudelft.unischeduler.rules.core.RulesModule</mutatedClass><mutatedMethod>setRules</mutatedMethod><methodDescription>(Lnl/tudelft/unischeduler/rules/entities/Ruleset;)V</methodDescription><lineNumber>45</lineNumber><mutator>org.pitest.mutationtest.engine.gregor.mutators.VoidMethodCallMutator</mutator><index>17</index><block>3</block><killingTest>nl.tudelft.unischeduler.rules.coretests.RulesModuleAdvancedTest.[engine:junit-jupiter]/[class:nl.tudelft.unischeduler.rules.coretests.RulesModuleAdvancedTest]/[method:setRulesTest()]</killingTest><description>removed call to nl/tudelft/unischeduler/rules/core/RulesModule::setMaxDays</description></mutation>
<mutation detected='true' status='KILLED' numberOfTestsRun='1'><sourceFile>RulesModule.java</sourceFile><mutatedClass>nl.tudelft.unischeduler.rules.core.RulesModule</mutatedClass><mutatedMethod>setRules</mutatedMethod><methodDescription>(Lnl/tudelft/unischeduler/rules/entities/Ruleset;)V</methodDescription><lineNumber>46</lineNumber><mutator>org.pitest.mutationtest.engine.gregor.mutators.VoidMethodCallMutator</mutator><index>23</index><block>5</block><killingTest>nl.tudelft.unischeduler.rules.coretests.RulesModuleTest.[engine:junit-jupiter]/[class:nl.tudelft.unischeduler.rules.coretests.RulesModuleTest]/[method:getCapacity_WhenEqualToThreshold()]</killingTest><description>removed call to nl/tudelft/unischeduler/rules/core/RulesModule::setThresholds</description></mutation>
<mutation detected='true' status='KILLED' numberOfTestsRun='1'><sourceFile>RulesModule.java</sourceFile><mutatedClass>nl.tudelft.unischeduler.rules.core.RulesModule</mutatedClass><mutatedMethod>verifyLectures</mutatedMethod><methodDescription>()Z</methodDescription><lineNumber>193</lineNumber><mutator>org.pitest.mutationtest.engine.gregor.mutators.BooleanTrueReturnValsMutator</mutator><index>60</index><block>12</block><killingTest>nl.tudelft.unischeduler.rules.coretests.RulesModuleAdvancedTest.[engine:junit-jupiter]/[class:nl.tudelft.unischeduler.rules.coretests.RulesModuleAdvancedTest]/[method:verifyLecturesTest()]</killingTest><description>replaced boolean return with true for nl/tudelft/unischeduler/rules/core/RulesModule::verifyLectures</description></mutation>
<mutation detected='true' status='KILLED' numberOfTestsRun='1'><sourceFile>RulesModule.java</sourceFile><mutatedClass>nl.tudelft.unischeduler.rules.core.RulesModule</mutatedClass><mutatedMethod>verifyLectures</mutatedMethod><methodDescription>()Z</methodDescription><lineNumber>189</lineNumber><mutator>org.pitest.mutationtest.engine.gregor.mutators.ConditionalsBoundaryMutator</mutator><index>22</index><block>3</block><killingTest>nl.tudelft.unischeduler.rules.coretests.RulesModuleAdvancedTest.[engine:junit-jupiter]/[class:nl.tudelft.unischeduler.rules.coretests.RulesModuleAdvancedTest]/[method:verifyLecturesTest()]</killingTest><description>changed conditional boundary</description></mutation>
<mutation detected='false' status='SURVIVED' numberOfTestsRun='2'><sourceFile>RulesModule.java</sourceFile><mutatedClass>nl.tudelft.unischeduler.rules.core.RulesModule</mutatedClass><mutatedMethod>verifyLectures</mutatedMethod><methodDescription>()Z</methodDescription><lineNumber>189</lineNumber><mutator>org.pitest.mutationtest.engine.gregor.mutators.NegateConditionalsMutator</mutator><index>22</index><block>3</block><killingTest/><description>negated conditional</description></mutation>
<mutation detected='true' status='KILLED' numberOfTestsRun='1'><sourceFile>RulesModule.java</sourceFile><mutatedClass>nl.tudelft.unischeduler.rules.core.RulesModule</mutatedClass><mutatedMethod>verifyLectures</mutatedMethod><methodDescription>()Z</methodDescription><lineNumber>193</lineNumber><mutator>org.pitest.mutationtest.engine.gregor.mutators.NegateConditionalsMutator</mutator><index>52</index><block>9</block><killingTest>nl.tudelft.unischeduler.rules.coretests.RulesModuleAdvancedTest.[engine:junit-jupiter]/[class:nl.tudelft.unischeduler.rules.coretests.RulesModuleAdvancedTest]/[method:verifyLecturesTest()]</killingTest><description>negated conditional</description></mutation>
<mutation detected='true' status='KILLED' numberOfTestsRun='1'><sourceFile>RulesModule.java</sourceFile><mutatedClass>nl.tudelft.unischeduler.rules.core.RulesModule</mutatedClass><mutatedMethod>verifyLectures</mutatedMethod><methodDescription>([Lnl/tudelft/unischeduler/rules/entities/Lecture;)[Lnl/tudelft/unischeduler/rules/entities/Lecture;</methodDescription><lineNumber>157</lineNumber><mutator>org.pitest.mutationtest.engine.gregor.mutators.ConditionalsBoundaryMutator</mutator><index>20</index><block>3</block><killingTest>nl.tudelft.unischeduler.rules.coretests.RulesModuleTest.[engine:junit-jupiter]/[class:nl.tudelft.unischeduler.rules.coretests.RulesModuleTest]/[method:verifySchedule_DifferentRoom_NoOverlap_UnderCapacity()]</killingTest><description>changed conditional boundary</description></mutation>
<mutation detected='true' status='KILLED' numberOfTestsRun='5'><sourceFile>RulesModule.java</sourceFile><mutatedClass>nl.tudelft.unischeduler.rules.core.RulesModule</mutatedClass><mutatedMethod>verifyLectures</mutatedMethod><methodDescription>([Lnl/tudelft/unischeduler/rules/entities/Lecture;)[Lnl/tudelft/unischeduler/rules/entities/Lecture;</methodDescription><lineNumber>163</lineNumber><mutator>org.pitest.mutationtest.engine.gregor.mutators.ConditionalsBoundaryMutator</mutator><index>49</index><block>11</block><killingTest>nl.tudelft.unischeduler.rules.coretests.RulesModuleTest.[engine:junit-jupiter]/[class:nl.tudelft.unischeduler.rules.coretests.RulesModuleTest]/[method:verifySchedule_SameRoom_NoOverlap_UnderCapacity()]</killingTest><description>changed conditional boundary</description></mutation>
<mutation detected='true' status='KILLED' numberOfTestsRun='1'><sourceFile>RulesModule.java</sourceFile><mutatedClass>nl.tudelft.unischeduler.rules.core.RulesModule</mutatedClass><mutatedMethod>verifyLectures</mutatedMethod><methodDescription>([Lnl/tudelft/unischeduler/rules/entities/Lecture;)[Lnl/tudelft/unischeduler/rules/entities/Lecture;</methodDescription><lineNumber>157</lineNumber><mutator>org.pitest.mutationtest.engine.gregor.mutators.IncrementsMutator</mutator><index>121</index><block>26</block><killingTest>nl.tudelft.unischeduler.rules.coretests.RulesModuleTest.[engine:junit-jupiter]/[class:nl.tudelft.unischeduler.rules.coretests.RulesModuleTest]/[method:verifySchedule_DifferentRoom_NoOverlap_UnderCapacity()]</killingTest><description>Changed increment from 1 to -1</description></mutation>
<mutation detected='true' status='KILLED' numberOfTestsRun='1'><sourceFile>RulesModule.java</sourceFile><mutatedClass>nl.tudelft.unischeduler.rules.core.RulesModule</mutatedClass><mutatedMethod>verifyLectures</mutatedMethod><methodDescription>([Lnl/tudelft/unischeduler/rules/entities/Lecture;)[Lnl/tudelft/unischeduler/rules/entities/Lecture;</methodDescription><lineNumber>164</lineNumber><mutator>org.pitest.mutationtest.engine.gregor.mutators.MathMutator</mutator><index>67</index><block>15</block><killingTest>nl.tudelft.unischeduler.rules.coretests.RulesModuleTest.[engine:junit-jupiter]/[class:nl.tudelft.unischeduler.rules.coretests.RulesModuleTest]/[method:verifySchedule_DifferentRoom_NoOverlap_UnderCapacity()]</killingTest><description>Replaced integer addition with subtraction</description></mutation>
<mutation detected='true' status='KILLED' numberOfTestsRun='1'><sourceFile>RulesModule.java</sourceFile><mutatedClass>nl.tudelft.unischeduler.rules.core.RulesModule</mutatedClass><mutatedMethod>verifyLectures</mutatedMethod><methodDescription>([Lnl/tudelft/unischeduler/rules/entities/Lecture;)[Lnl/tudelft/unischeduler/rules/entities/Lecture;</methodDescription><lineNumber>164</lineNumber><mutator>org.pitest.mutationtest.engine.gregor.mutators.MathMutator</mutator><index>70</index><block>15</block><killingTest>nl.tudelft.unischeduler.rules.coretests.RulesModuleTest.[engine:junit-jupiter]/[class:nl.tudelft.unischeduler.rules.coretests.RulesModuleTest]/[method:verifySchedule_DifferentRoom_NoOverlap_UnderCapacity()]</killingTest><description>Replaced integer modulus with multiplication</description></mutation>
<mutation detected='true' status='KILLED' numberOfTestsRun='1'><sourceFile>RulesModule.java</sourceFile><mutatedClass>nl.tudelft.unischeduler.rules.core.RulesModule</mutatedClass><mutatedMethod>verifyLectures</mutatedMethod><methodDescription>([Lnl/tudelft/unischeduler/rules/entities/Lecture;)[Lnl/tudelft/unischeduler/rules/entities/Lecture;</methodDescription><lineNumber>164</lineNumber><mutator>org.pitest.mutationtest.engine.gregor.mutators.MathMutator</mutator><index>86</index><block>18</block><killingTest>nl.tudelft.unischeduler.rules.coretests.RulesModuleTest.[engine:junit-jupiter]/[class:nl.tudelft.unischeduler.rules.coretests.RulesModuleTest]/[method:verifySchedule_SameRoom_NoOverlap_UnderCapacity()]</killingTest><description>Replaced integer addition with subtraction</description></mutation>
<mutation detected='true' status='KILLED' numberOfTestsRun='1'><sourceFile>RulesModule.java</sourceFile><mutatedClass>nl.tudelft.unischeduler.rules.core.RulesModule</mutatedClass><mutatedMethod>verifyLectures</mutatedMethod><methodDescription>([Lnl/tudelft/unischeduler/rules/entities/Lecture;)[Lnl/tudelft/unischeduler/rules/entities/Lecture;</methodDescription><lineNumber>164</lineNumber><mutator>org.pitest.mutationtest.engine.gregor.mutators.MathMutator</mutator><index>89</index><block>18</block><killingTest>nl.tudelft.unischeduler.rules.coretests.RulesModuleTest.[engine:junit-jupiter]/[class:nl.tudelft.unischeduler.rules.coretests.RulesModuleTest]/[method:verifySchedule_SameRoom_NoOverlap_UnderCapacity()]</killingTest><description>Replaced integer modulus with multiplication</description></mutation>
<mutation detected='true' status='KILLED' numberOfTestsRun='2'><sourceFile>RulesModule.java</sourceFile><mutatedClass>nl.tudelft.unischeduler.rules.core.RulesModule</mutatedClass><mutatedMethod>verifyLectures</mutatedMethod><methodDescription>([Lnl/tudelft/unischeduler/rules/entities/Lecture;)[Lnl/tudelft/unischeduler/rules/entities/Lecture;</methodDescription><lineNumber>157</lineNumber><mutator>org.pitest.mutationtest.engine.gregor.mutators.NegateConditionalsMutator</mutator><index>20</index><block>3</block><killingTest>nl.tudelft.unischeduler.rules.coretests.RulesModuleTest.[engine:junit-jupiter]/[class:nl.tudelft.unischeduler.rules.coretests.RulesModuleTest]/[method:verifySchedule_DifferentRoom_Overlap_OverCapacity()]</killingTest><description>negated conditional</description></mutation>
<mutation detected='true' status='KILLED' numberOfTestsRun='2'><sourceFile>RulesModule.java</sourceFile><mutatedClass>nl.tudelft.unischeduler.rules.core.RulesModule</mutatedClass><mutatedMethod>verifyLectures</mutatedMethod><methodDescription>([Lnl/tudelft/unischeduler/rules/entities/Lecture;)[Lnl/tudelft/unischeduler/rules/entities/Lecture;</methodDescription><lineNumber>158</lineNumber><mutator>org.pitest.mutationtest.engine.gregor.mutators.NegateConditionalsMutator</mutator><index>27</index><block>5</block><killingTest>nl.tudelft.unischeduler.rules.coretests.RulesModuleTest.[engine:junit-jupiter]/[class:nl.tudelft.unischeduler.rules.coretests.RulesModuleTest]/[method:verifySchedule_DifferentRoom_Overlap_OverCapacity()]</killingTest><description>negated conditional</description></mutation>
<mutation detected='true' status='KILLED' numberOfTestsRun='1'><sourceFile>RulesModule.java</sourceFile><mutatedClass>nl.tudelft.unischeduler.rules.core.RulesModule</mutatedClass><mutatedMethod>verifyLectures</mutatedMethod><methodDescription>([Lnl/tudelft/unischeduler/rules/entities/Lecture;)[Lnl/tudelft/unischeduler/rules/entities/Lecture;</methodDescription><lineNumber>163</lineNumber><mutator>org.pitest.mutationtest.engine.gregor.mutators.NegateConditionalsMutator</mutator><index>49</index><block>11</block><killingTest>nl.tudelft.unischeduler.rules.coretests.RulesModuleTest.[engine:junit-jupiter]/[class:nl.tudelft.unischeduler.rules.coretests.RulesModuleTest]/[method:verifySchedule_DifferentRoom_NoOverlap_UnderCapacity()]</killingTest><description>negated conditional</description></mutation>
<mutation detected='true' status='KILLED' numberOfTestsRun='4'><sourceFile>RulesModule.java</sourceFile><mutatedClass>nl.tudelft.unischeduler.rules.core.RulesModule</mutatedClass><mutatedMethod>verifyLectures</mutatedMethod><methodDescription>([Lnl/tudelft/unischeduler/rules/entities/Lecture;)[Lnl/tudelft/unischeduler/rules/entities/Lecture;</methodDescription><lineNumber>164</lineNumber><mutator>org.pitest.mutationtest.engine.gregor.mutators.NegateConditionalsMutator</mutator><index>78</index><block>17</block><killingTest>nl.tudelft.unischeduler.rules.coretests.RulesModuleTest.[engine:junit-jupiter]/[class:nl.tudelft.unischeduler.rules.coretests.RulesModuleTest]/[method:verifySchedule_DifferentRoom_Overlap_UnderCapacity()]</killingTest><description>negated conditional</description></mutation>
<mutation detected='true' status='KILLED' numberOfTestsRun='1'><sourceFile>RulesModule.java</sourceFile><mutatedClass>nl.tudelft.unischeduler.rules.core.RulesModule</mutatedClass><mutatedMethod>verifyLectures</mutatedMethod><methodDescription>([Lnl/tudelft/unischeduler/rules/entities/Lecture;)[Lnl/tudelft/unischeduler/rules/entities/Lecture;</methodDescription><lineNumber>166</lineNumber><mutator>org.pitest.mutationtest.engine.gregor.mutators.NegateConditionalsMutator</mutator><index>94</index><block>19</block><killingTest>nl.tudelft.unischeduler.rules.coretests.RulesModuleTest.[engine:junit-jupiter]/[class:nl.tudelft.unischeduler.rules.coretests.RulesModuleTest]/[method:verifySchedule_SameRoom_NoOverlap_UnderCapacity()]</killingTest><description>negated conditional</description></mutation>
<mutation detected='true' status='KILLED' numberOfTestsRun='1'><sourceFile>RulesModule.java</sourceFile><mutatedClass>nl.tudelft.unischeduler.rules.core.RulesModule</mutatedClass><mutatedMethod>verifyLectures</mutatedMethod><methodDescription>([Lnl/tudelft/unischeduler/rules/entities/Lecture;)[Lnl/tudelft/unischeduler/rules/entities/Lecture;</methodDescription><lineNumber>167</lineNumber><mutator>org.pitest.mutationtest.engine.gregor.mutators.NegateConditionalsMutator</mutator><index>106</index><block>22</block><killingTest>nl.tudelft.unischeduler.rules.coretests.RulesModuleTest.[engine:junit-jupiter]/[class:nl.tudelft.unischeduler.rules.coretests.RulesModuleTest]/[method:verifySchedule_DifferentRoom_NoOverlap_UnderCapacity()]</killingTest><description>negated conditional</description></mutation>
<mutation detected='true' status='KILLED' numberOfTestsRun='1'><sourceFile>RulesModule.java</sourceFile><mutatedClass>nl.tudelft.unischeduler.rules.core.RulesModule</mutatedClass><mutatedMethod>verifyLectures</mutatedMethod><methodDescription>([Lnl/tudelft/unischeduler/rules/entities/Lecture;)[Lnl/tudelft/unischeduler/rules/entities/Lecture;</methodDescription><lineNumber>167</lineNumber><mutator>org.pitest.mutationtest.engine.gregor.mutators.NegateConditionalsMutator</mutator><index>108</index><block>23</block><killingTest>nl.tudelft.unischeduler.rules.coretests.RulesModuleTest.[engine:junit-jupiter]/[class:nl.tudelft.unischeduler.rules.coretests.RulesModuleTest]/[method:verifySchedule_DifferentRoom_NoOverlap_UnderCapacity()]</killingTest><description>negated conditional</description></mutation>
<mutation detected='true' status='KILLED' numberOfTestsRun='1'><sourceFile>RulesModule.java</sourceFile><mutatedClass>nl.tudelft.unischeduler.rules.core.RulesModule</mutatedClass><mutatedMethod>verifyLectures</mutatedMethod><methodDescription>([Lnl/tudelft/unischeduler/rules/entities/Lecture;)[Lnl/tudelft/unischeduler/rules/entities/Lecture;</methodDescription><lineNumber>174</lineNumber><mutator>org.pitest.mutationtest.engine.gregor.mutators.NullReturnValsMutator</mutator><index>139</index><block>28</block><killingTest>nl.tudelft.unischeduler.rules.coretests.RulesModuleTest.[engine:junit-jupiter]/[class:nl.tudelft.unischeduler.rules.coretests.RulesModuleTest]/[method:verifySchedule_DifferentRoom_NoOverlap_UnderCapacity()]</killingTest><description>replaced return value with null for nl/tudelft/unischeduler/rules/core/RulesModule::verifyLectures</description></mutation>
<mutation detected='false' status='SURVIVED' numberOfTestsRun='10'><sourceFile>RulesModule.java</sourceFile><mutatedClass>nl.tudelft.unischeduler.rules.core.RulesModule</mutatedClass><mutatedMethod>verifyLectures</mutatedMethod><methodDescription>([Lnl/tudelft/unischeduler/rules/entities/Lecture;)[Lnl/tudelft/unischeduler/rules/entities/Lecture;</methodDescription><lineNumber>156</lineNumber><mutator>org.pitest.mutationtest.engine.gregor.mutators.VoidMethodCallMutator</mutator><index>10</index><block>1</block><killingTest/><description>removed call to java/util/Arrays::sort</description></mutation>
<mutation detected='false' status='NO_COVERAGE' numberOfTestsRun='0'><sourceFile>VerificationController.java</sourceFile><mutatedClass>nl.tudelft.unischeduler.rules.controllers.VerificationController</mutatedClass><mutatedMethod>canBeScheduled</mutatedMethod><methodDescription>(Ljava/lang/String;)Z</methodDescription><lineNumber>48</lineNumber><mutator>org.pitest.mutationtest.engine.gregor.mutators.BooleanFalseReturnValsMutator</mutator><index>7</index><block>1</block><killingTest/><description>replaced boolean return with false for nl/tudelft/unischeduler/rules/controllers/VerificationController::canBeScheduled</description></mutation>
<mutation detected='false' status='NO_COVERAGE' numberOfTestsRun='0'><sourceFile>VerificationController.java</sourceFile><mutatedClass>nl.tudelft.unischeduler.rules.controllers.VerificationController</mutatedClass><mutatedMethod>canBeScheduled</mutatedMethod><methodDescription>(Ljava/lang/String;)Z</methodDescription><lineNumber>48</lineNumber><mutator>org.pitest.mutationtest.engine.gregor.mutators.BooleanTrueReturnValsMutator</mutator><index>7</index><block>1</block><killingTest/><description>replaced boolean return with true for nl/tudelft/unischeduler/rules/controllers/VerificationController::canBeScheduled</description></mutation>
<mutation detected='false' status='NO_COVERAGE' numberOfTestsRun='0'><sourceFile>VerificationController.java</sourceFile><mutatedClass>nl.tudelft.unischeduler.rules.controllers.VerificationController</mutatedClass><mutatedMethod>checkLectureSlotAvailable</mutatedMethod><methodDescription>(Lnl/tudelft/unischeduler/rules/entities/Lecture;)Z</methodDescription><lineNumber>53</lineNumber><mutator>org.pitest.mutationtest.engine.gregor.mutators.BooleanFalseReturnValsMutator</mutator><index>7</index><block>1</block><killingTest/><description>replaced boolean return with false for nl/tudelft/unischeduler/rules/controllers/VerificationController::checkLectureSlotAvailable</description></mutation>
<mutation detected='false' status='NO_COVERAGE' numberOfTestsRun='0'><sourceFile>VerificationController.java</sourceFile><mutatedClass>nl.tudelft.unischeduler.rules.controllers.VerificationController</mutatedClass><mutatedMethod>checkLectureSlotAvailable</mutatedMethod><methodDescription>(Lnl/tudelft/unischeduler/rules/entities/Lecture;)Z</methodDescription><lineNumber>53</lineNumber><mutator>org.pitest.mutationtest.engine.gregor.mutators.BooleanTrueReturnValsMutator</mutator><index>7</index><block>1</block><killingTest/><description>replaced boolean return with true for nl/tudelft/unischeduler/rules/controllers/VerificationController::checkLectureSlotAvailable</description></mutation>
<mutation detected='false' status='NO_COVERAGE' numberOfTestsRun='0'><sourceFile>VerificationController.java</sourceFile><mutatedClass>nl.tudelft.unischeduler.rules.controllers.VerificationController</mutatedClass><mutatedMethod>getCapacityOfRoom</mutatedMethod><methodDescription>(I)I</methodDescription><lineNumber>37</lineNumber><mutator>org.pitest.mutationtest.engine.gregor.mutators.PrimitiveReturnsMutator</mutator><index>7</index><block>1</block><killingTest/><description>replaced int return with 0 for nl/tudelft/unischeduler/rules/controllers/VerificationController::getCapacityOfRoom</description></mutation>
<mutation detected='false' status='NO_COVERAGE' numberOfTestsRun='0'><sourceFile>VerificationController.java</sourceFile><mutatedClass>nl.tudelft.unischeduler.rules.controllers.VerificationController</mutatedClass><mutatedMethod>getRules</mutatedMethod><methodDescription>()Lnl/tudelft/unischeduler/rules/entities/Ruleset;</methodDescription><lineNumber>26</lineNumber><mutator>org.pitest.mutationtest.engine.gregor.mutators.NullReturnValsMutator</mutator><index>6</index><block>1</block><killingTest/><description>replaced return value with null for nl/tudelft/unischeduler/rules/controllers/VerificationController::getRules</description></mutation>
<mutation detected='true' status='KILLED' numberOfTestsRun='1'><sourceFile>RulesParser.java</sourceFile><mutatedClass>nl.tudelft.unischeduler.rules.storing.RulesParser</mutatedClass><mutatedMethod>delete</mutatedMethod><methodDescription>()Z</methodDescription><lineNumber>61</lineNumber><mutator>org.pitest.mutationtest.engine.gregor.mutators.BooleanFalseReturnValsMutator</mutator><index>12</index><block>3</block><killingTest>nl.tudelft.unischeduler.rules.storing.RulesParserTest.[engine:junit-vintage]/[runner:nl.tudelft.unischeduler.rules.storing.RulesParserTest]/[test:deleteNonExistentTest(nl.tudelft.unischeduler.rules.storing.RulesParserTest)]</killingTest><description>replaced boolean return with false for nl/tudelft/unischeduler/rules/storing/RulesParser::delete</description></mutation>
<mutation detected='true' status='KILLED' numberOfTestsRun='1'><sourceFile>RulesParser.java</sourceFile><mutatedClass>nl.tudelft.unischeduler.rules.storing.RulesParser</mutatedClass><mutatedMethod>delete</mutatedMethod><methodDescription>()Z</methodDescription><lineNumber>61</lineNumber><mutator>org.pitest.mutationtest.engine.gregor.mutators.BooleanTrueReturnValsMutator</mutator><index>12</index><block>3</block><killingTest>nl.tudelft.unischeduler.rules.storing.RulesParserTest.[engine:junit-vintage]/[runner:nl.tudelft.unischeduler.rules.storing.RulesParserTest]/[test:deleteNonExistentTest(nl.tudelft.unischeduler.rules.storing.RulesParserTest)]</killingTest><description>replaced boolean return with true for nl/tudelft/unischeduler/rules/storing/RulesParser::delete</description></mutation>
<mutation detected='true' status='KILLED' numberOfTestsRun='1'><sourceFile>RulesParser.java</sourceFile><mutatedClass>nl.tudelft.unischeduler.rules.storing.RulesParser</mutatedClass><mutatedMethod>delete</mutatedMethod><methodDescription>()Z</methodDescription><lineNumber>63</lineNumber><mutator>org.pitest.mutationtest.engine.gregor.mutators.BooleanTrueReturnValsMutator</mutator><index>17</index><block>4</block><killingTest>nl.tudelft.unischeduler.rules.storing.RulesParserTest.[engine:junit-vintage]/[runner:nl.tudelft.unischeduler.rules.storing.RulesParserTest]/[test:deleteNonExistentTest(nl.tudelft.unischeduler.rules.storing.RulesParserTest)]</killingTest><description>replaced boolean return with true for nl/tudelft/unischeduler/rules/storing/RulesParser::delete</description></mutation>
<mutation detected='true' status='KILLED' numberOfTestsRun='1'><sourceFile>RulesParser.java</sourceFile><mutatedClass>nl.tudelft.unischeduler.rules.storing.RulesParser</mutatedClass><mutatedMethod>delete</mutatedMethod><methodDescription>()Z</methodDescription><lineNumber>60</lineNumber><mutator>org.pitest.mutationtest.engine.gregor.mutators.NegateConditionalsMutator</mutator><index>6</index><block>1</block><killingTest>nl.tudelft.unischeduler.rules.storing.RulesParserTest.[engine:junit-vintage]/[runner:nl.tudelft.unischeduler.rules.storing.RulesParserTest]/[test:deleteNonExistentTest(nl.tudelft.unischeduler.rules.storing.RulesParserTest)]</killingTest><description>negated conditional</description></mutation>
<mutation detected='true' status='KILLED' numberOfTestsRun='1'><sourceFile>RulesParser.java</sourceFile><mutatedClass>nl.tudelft.unischeduler.rules.storing.RulesParser</mutatedClass><mutatedMethod>parseRules</mutatedMethod><methodDescription>()Lnl/tudelft/unischeduler/rules/entities/Ruleset;</methodDescription><lineNumber>39</lineNumber><mutator>org.pitest.mutationtest.engine.gregor.mutators.NullReturnValsMutator</mutator><index>17</index><block>2</block><killingTest>nl.tudelft.unischeduler.rules.storing.RulesParserTest.[engine:junit-vintage]/[runner:nl.tudelft.unischeduler.rules.storing.RulesParserTest]/[test:parseFileTest(nl.tudelft.unischeduler.rules.storing.RulesParserTest)]</killingTest><description>replaced return value with null for nl/tudelft/unischeduler/rules/storing/RulesParser::parseRules</description></mutation>
<mutation detected='true' status='KILLED' numberOfTestsRun='1'><sourceFile>RulesParser.java</sourceFile><mutatedClass>nl.tudelft.unischeduler.rules.storing.RulesParser</mutatedClass><mutatedMethod>writeRules</mutatedMethod><methodDescription>(Lnl/tudelft/unischeduler/rules/entities/Ruleset;)V</methodDescription><lineNumber>50</lineNumber><mutator>org.pitest.mutationtest.engine.gregor.mutators.VoidMethodCallMutator</mutator><index>14</index><block>1</block><killingTest>nl.tudelft.unischeduler.rules.storing.RulesParserTest.[engine:junit-vintage]/[runner:nl.tudelft.unischeduler.rules.storing.RulesParserTest]/[test:writeFileTest(nl.tudelft.unischeduler.rules.storing.RulesParserTest)]</killingTest><description>removed call to com/fasterxml/jackson/databind/ObjectMapper::writeValue</description></mutation>
<mutation detected='true' status='KILLED' numberOfTestsRun='1'><sourceFile>LectureDatabaseService.java</sourceFile><mutatedClass>nl.tudelft.unischeduler.rules.services.LectureDatabaseService</mutatedClass><mutatedMethod>getLectures</mutatedMethod><methodDescription>()[Lnl/tudelft/unischeduler/rules/entities/Lecture;</methodDescription><lineNumber>32</lineNumber><mutator>org.pitest.mutationtest.engine.gregor.mutators.NullReturnValsMutator</mutator><index>39</index><block>9</block><killingTest>nl.tudelft.unischeduler.rules.servicestests.LectureDatabaseServiceTest.[engine:junit-jupiter]/[class:nl.tudelft.unischeduler.rules.servicestests.LectureDatabaseServiceTest]/[method:getLecturesTest()]</killingTest><description>replaced return value with null for nl/tudelft/unischeduler/rules/services/LectureDatabaseService::getLectures</description></mutation>
<mutation detected='true' status='KILLED' numberOfTestsRun='1'><sourceFile>LectureDatabaseService.java</sourceFile><mutatedClass>nl.tudelft.unischeduler.rules.services.LectureDatabaseService</mutatedClass><mutatedMethod>removeLectureFromSchedule</mutatedMethod><methodDescription>(I)Z</methodDescription><lineNumber>47</lineNumber><mutator>org.pitest.mutationtest.engine.gregor.mutators.BooleanTrueReturnValsMutator</mutator><index>40</index><block>11</block><killingTest>nl.tudelft.unischeduler.rules.servicestests.LectureDatabaseServiceTest.[engine:junit-jupiter]/[class:nl.tudelft.unischeduler.rules.servicestests.LectureDatabaseServiceTest]/[method:removeLectureFromScheduleNullTest()]</killingTest><description>replaced boolean return with true for nl/tudelft/unischeduler/rules/services/LectureDatabaseService::removeLectureFromSchedule</description></mutation>
<mutation detected='true' status='KILLED' numberOfTestsRun='1'><sourceFile>LectureDatabaseService.java</sourceFile><mutatedClass>nl.tudelft.unischeduler.rules.services.LectureDatabaseService</mutatedClass><mutatedMethod>removeLectureFromSchedule</mutatedMethod><methodDescription>(I)Z</methodDescription><lineNumber>47</lineNumber><mutator>org.pitest.mutationtest.engine.gregor.mutators.NegateConditionalsMutator</mutator><index>28</index><block>6</block><killingTest>nl.tudelft.unischeduler.rules.servicestests.LectureDatabaseServiceTest.[engine:junit-jupiter]/[class:nl.tudelft.unischeduler.rules.servicestests.LectureDatabaseServiceTest]/[method:removeLectureFromScheduleNullTest()]</killingTest><description>negated conditional</description></mutation>
<mutation detected='true' status='KILLED' numberOfTestsRun='1'><sourceFile>LectureDatabaseService.java</sourceFile><mutatedClass>nl.tudelft.unischeduler.rules.services.LectureDatabaseService</mutatedClass><mutatedMethod>removeLectureFromSchedule</mutatedMethod><methodDescription>(I)Z</methodDescription><lineNumber>47</lineNumber><mutator>org.pitest.mutationtest.engine.gregor.mutators.NegateConditionalsMutator</mutator><index>32</index><block>8</block><killingTest>nl.tudelft.unischeduler.rules.servicestests.LectureDatabaseServiceTest.[engine:junit-jupiter]/[class:nl.tudelft.unischeduler.rules.servicestests.LectureDatabaseServiceTest]/[method:removeLectureFromScheduleTest()]</killingTest><description>negated conditional</description></mutation>
<mutation detected='false' status='SURVIVED' numberOfTestsRun='1'><sourceFile>RulesConfiguration.java</sourceFile><mutatedClass>nl.tudelft.unischeduler.rules.RulesConfiguration</mutatedClass><mutatedMethod>databaseWebClient</mutatedMethod><methodDescription>(Lorg/springframework/web/reactive/function/client/WebClient$Builder;)Lorg/springframework/web/reactive/function/client/WebClient;</methodDescription><lineNumber>52</lineNumber><mutator>org.pitest.mutationtest.engine.gregor.mutators.NullReturnValsMutator</mutator><index>7</index><block>2</block><killingTest/><description>replaced return value with null for nl/tudelft/unischeduler/rules/RulesConfiguration::databaseWebClient</description></mutation>
<mutation detected='false' status='SURVIVED' numberOfTestsRun='1'><sourceFile>RulesConfiguration.java</sourceFile><mutatedClass>nl.tudelft.unischeduler.rules.RulesConfiguration</mutatedClass><mutatedMethod>objectMapper</mutatedMethod><methodDescription>()Lcom/fasterxml/jackson/databind/ObjectMapper;</methodDescription><lineNumber>47</lineNumber><mutator>org.pitest.mutationtest.engine.gregor.mutators.NullReturnValsMutator</mutator><index>4</index><block>0</block><killingTest/><description>replaced return value with null for nl/tudelft/unischeduler/rules/RulesConfiguration::objectMapper</description></mutation>
<mutation detected='false' status='SURVIVED' numberOfTestsRun='1'><sourceFile>RulesConfiguration.java</sourceFile><mutatedClass>nl.tudelft.unischeduler.rules.RulesConfiguration</mutatedClass><mutatedMethod>rulesModule</mutatedMethod><methodDescription>()Lnl/tudelft/unischeduler/rules/core/RulesModule;</methodDescription><lineNumber>42</lineNumber><mutator>org.pitest.mutationtest.engine.gregor.mutators.NullReturnValsMutator</mutator><index>4</index><block>0</block><killingTest/><description>replaced return value with null for nl/tudelft/unischeduler/rules/RulesConfiguration::rulesModule</description></mutation>
<mutation detected='false' status='SURVIVED' numberOfTestsRun='1'><sourceFile>RulesConfiguration.java</sourceFile><mutatedClass>nl.tudelft.unischeduler.rules.RulesConfiguration</mutatedClass><mutatedMethod>rulesParser</mutatedMethod><methodDescription>()Lnl/tudelft/unischeduler/rules/storing/RulesParser;</methodDescription><lineNumber>37</lineNumber><mutator>org.pitest.mutationtest.engine.gregor.mutators.NullReturnValsMutator</mutator><index>4</index><block>0</block><killingTest/><description>replaced return value with null for nl/tudelft/unischeduler/rules/RulesConfiguration::rulesParser</description></mutation>
<mutation detected='false' status='NO_COVERAGE' numberOfTestsRun='0'><sourceFile>UpdateController.java</sourceFile><mutatedClass>nl.tudelft.unischeduler.rules.controllers.UpdateController</mutatedClass><mutatedMethod>updateRules</mutatedMethod><methodDescription>(Lnl/tudelft/unischeduler/rules/entities/Ruleset;)V</methodDescription><lineNumber>30</lineNumber><mutator>org.pitest.mutationtest.engine.gregor.mutators.VoidMethodCallMutator</mutator><index>6</index><block>0</block><killingTest/><description>removed call to nl/tudelft/unischeduler/rules/storing/RulesParser::writeRules</description></mutation>
<mutation detected='false' status='NO_COVERAGE' numberOfTestsRun='0'><sourceFile>UpdateController.java</sourceFile><mutatedClass>nl.tudelft.unischeduler.rules.controllers.UpdateController</mutatedClass><mutatedMethod>updateRules</mutatedMethod><methodDescription>(Lnl/tudelft/unischeduler/rules/entities/Ruleset;)V</methodDescription><lineNumber>31</lineNumber><mutator>org.pitest.mutationtest.engine.gregor.mutators.VoidMethodCallMutator</mutator><index>12</index><block>1</block><killingTest/><description>removed call to nl/tudelft/unischeduler/rules/core/RulesModule::setRules</description></mutation>
<mutation detected='false' status='NO_COVERAGE' numberOfTestsRun='0'><sourceFile>UpdateController.java</sourceFile><mutatedClass>nl.tudelft.unischeduler.rules.controllers.UpdateController</mutatedClass><mutatedMethod>updateRules</mutatedMethod><methodDescription>(Lnl/tudelft/unischeduler/rules/entities/Ruleset;)V</methodDescription><lineNumber>35</lineNumber><mutator>org.pitest.mutationtest.engine.gregor.mutators.VoidMethodCallMutator</mutator><index>24</index><block>3</block><killingTest/><description>removed call to java/io/PrintStream::println</description></mutation>
<mutation detected='true' status='KILLED' numberOfTestsRun='1'><sourceFile>ClassRoomDatabaseService.java</sourceFile><mutatedClass>nl.tudelft.unischeduler.rules.services.ClassRoomDatabaseService</mutatedClass><mutatedMethod>getClassroom</mutatedMethod><methodDescription>(I)Lnl/tudelft/unischeduler/rules/entities/Room;</methodDescription><lineNumber>28</lineNumber><mutator>org.pitest.mutationtest.engine.gregor.mutators.NullReturnValsMutator</mutator><index>26</index><block>5</block><killingTest>nl.tudelft.unischeduler.rules.servicestests.ClassRoomDatabaseServiceTest.[engine:junit-jupiter]/[class:nl.tudelft.unischeduler.rules.servicestests.ClassRoomDatabaseServiceTest]/[method:getClassroomTest()]</killingTest><description>replaced return value with null for nl/tudelft/unischeduler/rules/services/ClassRoomDatabaseService::getClassroom</description></mutation>
<mutation detected='true' status='KILLED' numberOfTestsRun='1'><sourceFile>ClassRoomDatabaseService.java</sourceFile><mutatedClass>nl.tudelft.unischeduler.rules.services.ClassRoomDatabaseService</mutatedClass><mutatedMethod>removeRoomFromLecture</mutatedMethod><methodDescription>(I)Z</methodDescription><lineNumber>47</lineNumber><mutator>org.pitest.mutationtest.engine.gregor.mutators.BooleanFalseReturnValsMutator</mutator><index>27</index><block>5</block><killingTest>nl.tudelft.unischeduler.rules.servicestests.ClassRoomDatabaseServiceTest.[engine:junit-jupiter]/[class:nl.tudelft.unischeduler.rules.servicestests.ClassRoomDatabaseServiceTest]/[test-template:removeRoomFromLectureTest(int)]/[test-template-invocation:#3]</killingTest><description>replaced boolean return with false for nl/tudelft/unischeduler/rules/services/ClassRoomDatabaseService::removeRoomFromLecture</description></mutation>
<mutation detected='true' status='KILLED' numberOfTestsRun='1'><sourceFile>StudentDatabaseService.java</sourceFile><mutatedClass>nl.tudelft.unischeduler.rules.services.StudentDatabaseService</mutatedClass><mutatedMethod>getStudent</mutatedMethod><methodDescription>(Ljava/lang/String;)Lnl/tudelft/unischeduler/rules/entities/Student;</methodDescription><lineNumber>26</lineNumber><mutator>org.pitest.mutationtest.engine.gregor.mutators.NullReturnValsMutator</mutator><index>26</index><block>6</block><killingTest>nl.tudelft.unischeduler.rules.servicestests.StudentDatabaseServiceTest.[engine:junit-jupiter]/[class:nl.tudelft.unischeduler.rules.servicestests.StudentDatabaseServiceTest]/[method:getStudentTest()]</killingTest><description>replaced return value with null for nl/tudelft/unischeduler/rules/services/StudentDatabaseService::getStudent</description></mutation>
<mutation detected='false' status='SURVIVED' numberOfTestsRun='1'><sourceFile>RulesApplication.java</sourceFile><mutatedClass>nl.tudelft.unischeduler.rules.RulesApplication</mutatedClass><mutatedMethod>getWebClientBuilder</mutatedMethod><methodDescription>()Lorg/springframework/web/reactive/function/client/WebClient$Builder;</methodDescription><lineNumber>19</lineNumber><mutator>org.pitest.mutationtest.engine.gregor.mutators.NullReturnValsMutator</mutator><index>16</index><block>2</block><killingTest/><description>replaced return value with null for nl/tudelft/unischeduler/rules/RulesApplication::getWebClientBuilder</description></mutation>
<mutation detected='false' status='SURVIVED' numberOfTestsRun='9'><sourceFile>Lecture.java</sourceFile><mutatedClass>nl.tudelft.unischeduler.rules.entities.Lecture</mutatedClass><mutatedMethod>compareTo</mutatedMethod><methodDescription>(Ljava/lang/Object;)I</methodDescription><lineNumber>22</lineNumber><mutator>org.pitest.mutationtest.engine.gregor.mutators.PrimitiveReturnsMutator</mutator><index>9</index><block>1</block><killingTest/><description>replaced int return with 0 for nl/tudelft/unischeduler/rules/entities/Lecture::compareTo</description></mutation>
</mutations>
