<?xml version="1.0" encoding="UTF-8"?>
<mutations>
<mutation detected='true' status='KILLED' numberOfTestsRun='1'><sourceFile>DatabaseService.java</sourceFile><mutatedClass>nl.tudelft.unischeduler.viewer.services.DatabaseService</mutatedClass><mutatedMethod>getLectures</mutatedMethod><methodDescription>(Ljava/util/List;)[Lnl/tudelft/unischeduler/viewer/entities/Lecture;</methodDescription><lineNumber>84</lineNumber><mutator>org.pitest.mutationtest.engine.gregor.mutators.NegateConditionalsMutator</mutator><index>16</index><block>4</block><killingTest>nl.tudelft.unischeduler.viewer.servicesTests.DatabaseServiceTests.[engine:junit-jupiter]/[class:nl.tudelft.unischeduler.viewer.servicesTests.DatabaseServiceTests]/[method:getLecturesTest()]</killingTest><description>negated conditional</description></mutation>
<mutation detected='true' status='KILLED' numberOfTestsRun='1'><sourceFile>DatabaseService.java</sourceFile><mutatedClass>nl.tudelft.unischeduler.viewer.services.DatabaseService</mutatedClass><mutatedMethod>getLectures</mutatedMethod><methodDescription>(Ljava/util/List;)[Lnl/tudelft/unischeduler/viewer/entities/Lecture;</methodDescription><lineNumber>90</lineNumber><mutator>org.pitest.mutationtest.engine.gregor.mutators.NullReturnValsMutator</mutator><index>56</index><block>11</block><killingTest>nl.tudelft.unischeduler.viewer.servicesTests.DatabaseServiceTests.[engine:junit-jupiter]/[class:nl.tudelft.unischeduler.viewer.servicesTests.DatabaseServiceTests]/[method:getLecturesTest()]</killingTest><description>replaced return value with null for nl/tudelft/unischeduler/viewer/services/DatabaseService::getLectures</description></mutation>
<mutation detected='true' status='KILLED' numberOfTestsRun='1'><sourceFile>DatabaseService.java</sourceFile><mutatedClass>nl.tudelft.unischeduler.viewer.services.DatabaseService</mutatedClass><mutatedMethod>getLectures</mutatedMethod><methodDescription>(Ljava/util/List;)[Lnl/tudelft/unischeduler/viewer/entities/Lecture;</methodDescription><lineNumber>87</lineNumber><mutator>org.pitest.mutationtest.engine.gregor.mutators.VoidMethodCallMutator</mutator><index>37</index><block>6</block><killingTest>nl.tudelft.unischeduler.viewer.servicesTests.DatabaseServiceTests.[engine:junit-jupiter]/[class:nl.tudelft.unischeduler.viewer.servicesTests.DatabaseServiceTests]/[method:getLecturesTest()]</killingTest><description>removed call to nl/tudelft/unischeduler/viewer/entities/Lecture::setClassroom</description></mutation>
<mutation detected='false' status='NO_COVERAGE' numberOfTestsRun='0'><sourceFile>DatabaseService.java</sourceFile><mutatedClass>nl.tudelft.unischeduler.viewer.services.DatabaseService</mutatedClass><mutatedMethod>getLecturesInCourse</mutatedMethod><methodDescription>(I)Lorg/springframework/http/ResponseEntity;</methodDescription><lineNumber>61</lineNumber><mutator>org.pitest.mutationtest.engine.gregor.mutators.NullReturnValsMutator</mutator><index>21</index><block>4</block><killingTest/><description>replaced return value with null for nl/tudelft/unischeduler/viewer/services/DatabaseService::getLecturesInCourse</description></mutation>
<mutation detected='false' status='NO_COVERAGE' numberOfTestsRun='0'><sourceFile>DatabaseService.java</sourceFile><mutatedClass>nl.tudelft.unischeduler.viewer.services.DatabaseService</mutatedClass><mutatedMethod>getPossibleLectures</mutatedMethod><methodDescription>(Ljava/lang/String;)Lorg/springframework/http/ResponseEntity;</methodDescription><lineNumber>54</lineNumber><mutator>org.pitest.mutationtest.engine.gregor.mutators.NullReturnValsMutator</mutator><index>16</index><block>3</block><killingTest/><description>replaced return value with null for nl/tudelft/unischeduler/viewer/services/DatabaseService::getPossibleLectures</description></mutation>
<mutation detected='false' status='NO_COVERAGE' numberOfTestsRun='0'><sourceFile>DatabaseService.java</sourceFile><mutatedClass>nl.tudelft.unischeduler.viewer.services.DatabaseService</mutatedClass><mutatedMethod>getStudentSchedule</mutatedMethod><methodDescription>(Ljava/lang/String;)Lorg/springframework/http/ResponseEntity;</methodDescription><lineNumber>41</lineNumber><mutator>org.pitest.mutationtest.engine.gregor.mutators.NullReturnValsMutator</mutator><index>16</index><block>3</block><killingTest/><description>replaced return value with null for nl/tudelft/unischeduler/viewer/services/DatabaseService::getStudentSchedule</description></mutation>
<mutation detected='false' status='NO_COVERAGE' numberOfTestsRun='0'><sourceFile>DatabaseService.java</sourceFile><mutatedClass>nl.tudelft.unischeduler.viewer.services.DatabaseService</mutatedClass><mutatedMethod>getStudentsInLecture</mutatedMethod><methodDescription>(I)Lorg/springframework/http/ResponseEntity;</methodDescription><lineNumber>68</lineNumber><mutator>org.pitest.mutationtest.engine.gregor.mutators.NullReturnValsMutator</mutator><index>21</index><block>4</block><killingTest/><description>replaced return value with null for nl/tudelft/unischeduler/viewer/services/DatabaseService::getStudentsInLecture</description></mutation>
<mutation detected='false' status='NO_COVERAGE' numberOfTestsRun='0'><sourceFile>DatabaseService.java</sourceFile><mutatedClass>nl.tudelft.unischeduler.viewer.services.DatabaseService</mutatedClass><mutatedMethod>getTeacherSchedule</mutatedMethod><methodDescription>(Ljava/lang/String;)Lorg/springframework/http/ResponseEntity;</methodDescription><lineNumber>47</lineNumber><mutator>org.pitest.mutationtest.engine.gregor.mutators.NullReturnValsMutator</mutator><index>16</index><block>3</block><killingTest/><description>replaced return value with null for nl/tudelft/unischeduler/viewer/services/DatabaseService::getTeacherSchedule</description></mutation>
<mutation detected='true' status='KILLED' numberOfTestsRun='1'><sourceFile>DatabaseService.java</sourceFile><mutatedClass>nl.tudelft.unischeduler.viewer.services.DatabaseService</mutatedClass><mutatedMethod>getUsers</mutatedMethod><methodDescription>(Ljava/util/List;)[Lnl/tudelft/unischeduler/viewer/entities/User;</methodDescription><lineNumber>74</lineNumber><mutator>org.pitest.mutationtest.engine.gregor.mutators.NegateConditionalsMutator</mutator><index>16</index><block>4</block><killingTest>nl.tudelft.unischeduler.viewer.servicesTests.DatabaseServiceTests.[engine:junit-jupiter]/[class:nl.tudelft.unischeduler.viewer.servicesTests.DatabaseServiceTests]/[method:getStudentsTest()]</killingTest><description>negated conditional</description></mutation>
<mutation detected='true' status='KILLED' numberOfTestsRun='1'><sourceFile>DatabaseService.java</sourceFile><mutatedClass>nl.tudelft.unischeduler.viewer.services.DatabaseService</mutatedClass><mutatedMethod>getUsers</mutatedMethod><methodDescription>(Ljava/util/List;)[Lnl/tudelft/unischeduler/viewer/entities/User;</methodDescription><lineNumber>79</lineNumber><mutator>org.pitest.mutationtest.engine.gregor.mutators.NullReturnValsMutator</mutator><index>47</index><block>9</block><killingTest>nl.tudelft.unischeduler.viewer.servicesTests.DatabaseServiceTests.[engine:junit-jupiter]/[class:nl.tudelft.unischeduler.viewer.servicesTests.DatabaseServiceTests]/[method:getStudentsTest()]</killingTest><description>replaced return value with null for nl/tudelft/unischeduler/viewer/services/DatabaseService::getUsers</description></mutation>
<mutation detected='false' status='SURVIVED' numberOfTestsRun='2'><sourceFile>UserController.java</sourceFile><mutatedClass>nl.tudelft.unischeduler.viewer.controllers.UserController</mutatedClass><mutatedMethod>getLecturesInCourse</mutatedMethod><methodDescription>(I)Lorg/springframework/http/ResponseEntity;</methodDescription><lineNumber>26</lineNumber><mutator>org.pitest.mutationtest.engine.gregor.mutators.NullReturnValsMutator</mutator><index>7</index><block>1</block><killingTest/><description>replaced return value with null for nl/tudelft/unischeduler/viewer/controllers/UserController::getLecturesInCourse</description></mutation>
<mutation detected='false' status='SURVIVED' numberOfTestsRun='2'><sourceFile>UserController.java</sourceFile><mutatedClass>nl.tudelft.unischeduler.viewer.controllers.UserController</mutatedClass><mutatedMethod>getPossibleLectures</mutatedMethod><methodDescription>(Ljava/lang/String;)Lorg/springframework/http/ResponseEntity;</methodDescription><lineNumber>32</lineNumber><mutator>org.pitest.mutationtest.engine.gregor.mutators.NullReturnValsMutator</mutator><index>7</index><block>1</block><killingTest/><description>replaced return value with null for nl/tudelft/unischeduler/viewer/controllers/UserController::getPossibleLectures</description></mutation>
<mutation detected='false' status='SURVIVED' numberOfTestsRun='2'><sourceFile>UserController.java</sourceFile><mutatedClass>nl.tudelft.unischeduler.viewer.controllers.UserController</mutatedClass><mutatedMethod>getStudentSchedule</mutatedMethod><methodDescription>(Ljava/lang/String;)Lorg/springframework/http/ResponseEntity;</methodDescription><lineNumber>38</lineNumber><mutator>org.pitest.mutationtest.engine.gregor.mutators.NullReturnValsMutator</mutator><index>7</index><block>1</block><killingTest/><description>replaced return value with null for nl/tudelft/unischeduler/viewer/controllers/UserController::getStudentSchedule</description></mutation>
<mutation detected='false' status='SURVIVED' numberOfTestsRun='2'><sourceFile>UserController.java</sourceFile><mutatedClass>nl.tudelft.unischeduler.viewer.controllers.UserController</mutatedClass><mutatedMethod>getStudentsInLecture</mutatedMethod><methodDescription>(I)Lorg/springframework/http/ResponseEntity;</methodDescription><lineNumber>50</lineNumber><mutator>org.pitest.mutationtest.engine.gregor.mutators.NullReturnValsMutator</mutator><index>7</index><block>1</block><killingTest/><description>replaced return value with null for nl/tudelft/unischeduler/viewer/controllers/UserController::getStudentsInLecture</description></mutation>
<mutation detected='false' status='SURVIVED' numberOfTestsRun='2'><sourceFile>UserController.java</sourceFile><mutatedClass>nl.tudelft.unischeduler.viewer.controllers.UserController</mutatedClass><mutatedMethod>getTeacherSchedule</mutatedMethod><methodDescription>(Ljava/lang/String;)Lorg/springframework/http/ResponseEntity;</methodDescription><lineNumber>44</lineNumber><mutator>org.pitest.mutationtest.engine.gregor.mutators.NullReturnValsMutator</mutator><index>7</index><block>1</block><killingTest/><description>replaced return value with null for nl/tudelft/unischeduler/viewer/controllers/UserController::getTeacherSchedule</description></mutation>
<mutation detected='false' status='SURVIVED' numberOfTestsRun='1'><sourceFile>ViewerApplication.java</sourceFile><mutatedClass>nl.tudelft.unischeduler.viewer.ViewerApplication</mutatedClass><mutatedMethod>getWebClientBuilder</mutatedMethod><methodDescription>()Lorg/springframework/web/reactive/function/client/WebClient$Builder;</methodDescription><lineNumber>17</lineNumber><mutator>org.pitest.mutationtest.engine.gregor.mutators.NullReturnValsMutator</mutator><index>4</index><block>1</block><killingTest/><description>replaced return value with null for nl/tudelft/unischeduler/viewer/ViewerApplication::getWebClientBuilder</description></mutation>
<mutation detected='false' status='NO_COVERAGE' numberOfTestsRun='0'><sourceFile>ReturnList.java</sourceFile><mutatedClass>nl.tudelft.unischeduler.viewer.services.ReturnList</mutatedClass><mutatedMethod>returnList</mutatedMethod><methodDescription>(Lorg/springframework/web/reactive/function/client/WebClient$Builder;Ljava/lang/String;Ljava/lang/String;)Ljava/util/List;</methodDescription><lineNumber>15</lineNumber><mutator>org.pitest.mutationtest.engine.gregor.mutators.EmptyObjectReturnValsMutator</mutator><index>41</index><block>8</block><killingTest/><description>replaced return value with Collections.emptyList for nl/tudelft/unischeduler/viewer/services/ReturnList::returnList</description></mutation>
</mutations>
