<?xml version="1.0" encoding="UTF-8"?>
<mutations>
<mutation detected='true' status='KILLED' numberOfTestsRun='1'><sourceFile>ScheduleEditModule.java</sourceFile><mutatedClass>nl.tudelft.unischeduler.scheduleedit.core.ScheduleEditModule</mutatedClass><mutatedMethod>addStudentGroupLecture</mutatedMethod><methodDescription>(Ljava/util/List;J)V</methodDescription><lineNumber>144</lineNumber><mutator>org.pitest.mutationtest.engine.gregor.mutators.VoidMethodCallMutator</mutator><index>7</index><block>0</block><killingTest>nl.tudelft.unischeduler.scheduleedit.core.ScheduleEditModuleTests.[engine:junit-jupiter]/[class:nl.tudelft.unischeduler.scheduleedit.core.ScheduleEditModuleTests]/[method:addStudentTest()]</killingTest><description>removed call to nl/tudelft/unischeduler/scheduleedit/services/CourseService::addStudentsToCourse</description></mutation>
<mutation detected='true' status='KILLED' numberOfTestsRun='1'><sourceFile>ScheduleEditModule.java</sourceFile><mutatedClass>nl.tudelft.unischeduler.scheduleedit.core.ScheduleEditModule</mutatedClass><mutatedMethod>calculateStartOfWeek</mutatedMethod><methodDescription>(II)Ljava/time/LocalDate;</methodDescription><lineNumber>101</lineNumber><mutator>org.pitest.mutationtest.engine.gregor.mutators.MathMutator</mutator><index>6</index><block>0</block><killingTest>nl.tudelft.unischeduler.scheduleedit.core.ScheduleEditModuleTests.[engine:junit-jupiter]/[class:nl.tudelft.unischeduler.scheduleedit.core.ScheduleEditModuleTests]/[method:illegalTime()]</killingTest><description>Replaced integer subtraction with addition</description></mutation>
<mutation detected='true' status='KILLED' numberOfTestsRun='1'><sourceFile>ScheduleEditModule.java</sourceFile><mutatedClass>nl.tudelft.unischeduler.scheduleedit.core.ScheduleEditModule</mutatedClass><mutatedMethod>calculateStartOfWeek</mutatedMethod><methodDescription>(II)Ljava/time/LocalDate;</methodDescription><lineNumber>101</lineNumber><mutator>org.pitest.mutationtest.engine.gregor.mutators.MathMutator</mutator><index>8</index><block>0</block><killingTest>nl.tudelft.unischeduler.scheduleedit.core.ScheduleEditModuleTests.[engine:junit-jupiter]/[class:nl.tudelft.unischeduler.scheduleedit.core.ScheduleEditModuleTests]/[method:illegalTime()]</killingTest><description>Replaced integer multiplication with division</description></mutation>
<mutation detected='true' status='KILLED' numberOfTestsRun='4'><sourceFile>ScheduleEditModule.java</sourceFile><mutatedClass>nl.tudelft.unischeduler.scheduleedit.core.ScheduleEditModule</mutatedClass><mutatedMethod>calculateStartOfWeek</mutatedMethod><methodDescription>(II)Ljava/time/LocalDate;</methodDescription><lineNumber>101</lineNumber><mutator>org.pitest.mutationtest.engine.gregor.mutators.MathMutator</mutator><index>10</index><block>0</block><killingTest>nl.tudelft.unischeduler.scheduleedit.core.ScheduleEditModuleTests.[engine:junit-jupiter]/[class:nl.tudelft.unischeduler.scheduleedit.core.ScheduleEditModuleTests]/[method:createLectureTest()]</killingTest><description>Replaced integer addition with subtraction</description></mutation>
<mutation detected='true' status='KILLED' numberOfTestsRun='1'><sourceFile>ScheduleEditModule.java</sourceFile><mutatedClass>nl.tudelft.unischeduler.scheduleedit.core.ScheduleEditModule</mutatedClass><mutatedMethod>calculateStartOfWeek</mutatedMethod><methodDescription>(II)Ljava/time/LocalDate;</methodDescription><lineNumber>102</lineNumber><mutator>org.pitest.mutationtest.engine.gregor.mutators.NegateConditionalsMutator</mutator><index>20</index><block>4</block><killingTest>nl.tudelft.unischeduler.scheduleedit.core.ScheduleEditModuleTests.[engine:junit-jupiter]/[class:nl.tudelft.unischeduler.scheduleedit.core.ScheduleEditModuleTests]/[method:yearWith53Weeks()]</killingTest><description>negated conditional</description></mutation>
<mutation detected='true' status='KILLED' numberOfTestsRun='1'><sourceFile>ScheduleEditModule.java</sourceFile><mutatedClass>nl.tudelft.unischeduler.scheduleedit.core.ScheduleEditModule</mutatedClass><mutatedMethod>calculateStartOfWeek</mutatedMethod><methodDescription>(II)Ljava/time/LocalDate;</methodDescription><lineNumber>105</lineNumber><mutator>org.pitest.mutationtest.engine.gregor.mutators.NullReturnValsMutator</mutator><index>33</index><block>7</block><killingTest>nl.tudelft.unischeduler.scheduleedit.core.ScheduleEditModuleTests.[engine:junit-jupiter]/[class:nl.tudelft.unischeduler.scheduleedit.core.ScheduleEditModuleTests]/[method:yearWith53Weeks()]</killingTest><description>replaced return value with null for nl/tudelft/unischeduler/scheduleedit/core/ScheduleEditModule::calculateStartOfWeek</description></mutation>
<mutation detected='true' status='KILLED' numberOfTestsRun='1'><sourceFile>ScheduleEditModule.java</sourceFile><mutatedClass>nl.tudelft.unischeduler.scheduleedit.core.ScheduleEditModule</mutatedClass><mutatedMethod>checkBeforeNow</mutatedMethod><methodDescription>(Ljava/time/LocalDateTime;)Ljava/time/LocalDateTime;</methodDescription><lineNumber>33</lineNumber><mutator>org.pitest.mutationtest.engine.gregor.mutators.NegateConditionalsMutator</mutator><index>4</index><block>0</block><killingTest>nl.tudelft.unischeduler.scheduleedit.core.ScheduleEditModuleTests.[engine:junit-jupiter]/[class:nl.tudelft.unischeduler.scheduleedit.core.ScheduleEditModuleTests]/[method:nullTeacherDateTest()]</killingTest><description>negated conditional</description></mutation>
<mutation detected='true' status='KILLED' numberOfTestsRun='1'><sourceFile>ScheduleEditModule.java</sourceFile><mutatedClass>nl.tudelft.unischeduler.scheduleedit.core.ScheduleEditModule</mutatedClass><mutatedMethod>checkBeforeNow</mutatedMethod><methodDescription>(Ljava/time/LocalDateTime;)Ljava/time/LocalDateTime;</methodDescription><lineNumber>37</lineNumber><mutator>org.pitest.mutationtest.engine.gregor.mutators.NegateConditionalsMutator</mutator><index>24</index><block>5</block><killingTest>nl.tudelft.unischeduler.scheduleedit.core.ScheduleEditModuleTests.[engine:junit-jupiter]/[class:nl.tudelft.unischeduler.scheduleedit.core.ScheduleEditModuleTests]/[method:reportStudentTest()]</killingTest><description>negated conditional</description></mutation>
<mutation detected='true' status='KILLED' numberOfTestsRun='1'><sourceFile>ScheduleEditModule.java</sourceFile><mutatedClass>nl.tudelft.unischeduler.scheduleedit.core.ScheduleEditModule</mutatedClass><mutatedMethod>checkBeforeNow</mutatedMethod><methodDescription>(Ljava/time/LocalDateTime;)Ljava/time/LocalDateTime;</methodDescription><lineNumber>40</lineNumber><mutator>org.pitest.mutationtest.engine.gregor.mutators.NullReturnValsMutator</mutator><index>36</index><block>8</block><killingTest>nl.tudelft.unischeduler.scheduleedit.core.ScheduleEditModuleTests.[engine:junit-jupiter]/[class:nl.tudelft.unischeduler.scheduleedit.core.ScheduleEditModuleTests]/[method:reportStudentTest()]</killingTest><description>replaced return value with null for nl/tudelft/unischeduler/scheduleedit/core/ScheduleEditModule::checkBeforeNow</description></mutation>
<mutation detected='true' status='KILLED' numberOfTestsRun='1'><sourceFile>ScheduleEditModule.java</sourceFile><mutatedClass>nl.tudelft.unischeduler.scheduleedit.core.ScheduleEditModule</mutatedClass><mutatedMethod>createCourse</mutatedMethod><methodDescription>(Ljava/lang/String;I)J</methodDescription><lineNumber>89</lineNumber><mutator>org.pitest.mutationtest.engine.gregor.mutators.PrimitiveReturnsMutator</mutator><index>8</index><block>1</block><killingTest>nl.tudelft.unischeduler.scheduleedit.core.ScheduleEditModuleTests.[engine:junit-jupiter]/[class:nl.tudelft.unischeduler.scheduleedit.core.ScheduleEditModuleTests]/[method:createCourseTest()]</killingTest><description>replaced long return with 0 for nl/tudelft/unischeduler/scheduleedit/core/ScheduleEditModule::createCourse</description></mutation>
<mutation detected='true' status='KILLED' numberOfTestsRun='1'><sourceFile>ScheduleEditModule.java</sourceFile><mutatedClass>nl.tudelft.unischeduler.scheduleedit.core.ScheduleEditModule</mutatedClass><mutatedMethod>createLecture</mutatedMethod><methodDescription>(JLjava/lang/String;IILjava/time/Duration;)J</methodDescription><lineNumber>132</lineNumber><mutator>org.pitest.mutationtest.engine.gregor.mutators.PrimitiveReturnsMutator</mutator><index>18</index><block>3</block><killingTest>nl.tudelft.unischeduler.scheduleedit.core.ScheduleEditModuleTests.[engine:junit-jupiter]/[class:nl.tudelft.unischeduler.scheduleedit.core.ScheduleEditModuleTests]/[method:createLectureTest()]</killingTest><description>replaced long return with 0 for nl/tudelft/unischeduler/scheduleedit/core/ScheduleEditModule::createLecture</description></mutation>
<mutation detected='true' status='KILLED' numberOfTestsRun='1'><sourceFile>ScheduleEditModule.java</sourceFile><mutatedClass>nl.tudelft.unischeduler.scheduleedit.core.ScheduleEditModule</mutatedClass><mutatedMethod>reportStudentSick</mutatedMethod><methodDescription>(Ljava/lang/String;)V</methodDescription><lineNumber>77</lineNumber><mutator>org.pitest.mutationtest.engine.gregor.mutators.VoidMethodCallMutator</mutator><index>15</index><block>2</block><killingTest>nl.tudelft.unischeduler.scheduleedit.core.ScheduleEditModuleTests.[engine:junit-jupiter]/[class:nl.tudelft.unischeduler.scheduleedit.core.ScheduleEditModuleTests]/[method:reportStudentTest()]</killingTest><description>removed call to nl/tudelft/unischeduler/scheduleedit/core/ScheduleEditModule::reportStudentSick</description></mutation>
<mutation detected='true' status='KILLED' numberOfTestsRun='1'><sourceFile>ScheduleEditModule.java</sourceFile><mutatedClass>nl.tudelft.unischeduler.scheduleedit.core.ScheduleEditModule</mutatedClass><mutatedMethod>reportStudentSick</mutatedMethod><methodDescription>(Ljava/lang/String;Ljava/time/LocalDateTime;)V</methodDescription><lineNumber>70</lineNumber><mutator>org.pitest.mutationtest.engine.gregor.mutators.VoidMethodCallMutator</mutator><index>14</index><block>1</block><killingTest>nl.tudelft.unischeduler.scheduleedit.core.ScheduleEditModuleTests.[engine:junit-jupiter]/[class:nl.tudelft.unischeduler.scheduleedit.core.ScheduleEditModuleTests]/[method:reportStudentTest()]</killingTest><description>removed call to nl/tudelft/unischeduler/scheduleedit/services/StudentService::cancelStudentAttendance</description></mutation>
<mutation detected='true' status='KILLED' numberOfTestsRun='3'><sourceFile>ScheduleEditModule.java</sourceFile><mutatedClass>nl.tudelft.unischeduler.scheduleedit.core.ScheduleEditModule</mutatedClass><mutatedMethod>reportStudentSick</mutatedMethod><methodDescription>(Ljava/lang/String;Ljava/time/LocalDateTime;)V</methodDescription><lineNumber>71</lineNumber><mutator>org.pitest.mutationtest.engine.gregor.mutators.VoidMethodCallMutator</mutator><index>21</index><block>2</block><killingTest>nl.tudelft.unischeduler.scheduleedit.integration.StudentControllerTest.[engine:junit-jupiter]/[class:nl.tudelft.unischeduler.scheduleedit.integration.StudentControllerTest]/[method:cancelStandardStudentAttendenceTest()]</killingTest><description>removed call to nl/tudelft/unischeduler/scheduleedit/services/StudentService::setUserSick</description></mutation>
<mutation detected='true' status='KILLED' numberOfTestsRun='1'><sourceFile>ScheduleEditModule.java</sourceFile><mutatedClass>nl.tudelft.unischeduler.scheduleedit.core.ScheduleEditModule</mutatedClass><mutatedMethod>reportTeacherSick</mutatedMethod><methodDescription>(Ljava/lang/String;)V</methodDescription><lineNumber>58</lineNumber><mutator>org.pitest.mutationtest.engine.gregor.mutators.VoidMethodCallMutator</mutator><index>15</index><block>2</block><killingTest>nl.tudelft.unischeduler.scheduleedit.core.ScheduleEditModuleTests.[engine:junit-jupiter]/[class:nl.tudelft.unischeduler.scheduleedit.core.ScheduleEditModuleTests]/[method:reportTeacherTest()]</killingTest><description>removed call to nl/tudelft/unischeduler/scheduleedit/core/ScheduleEditModule::reportTeacherSick</description></mutation>
<mutation detected='true' status='KILLED' numberOfTestsRun='1'><sourceFile>ScheduleEditModule.java</sourceFile><mutatedClass>nl.tudelft.unischeduler.scheduleedit.core.ScheduleEditModule</mutatedClass><mutatedMethod>reportTeacherSick</mutatedMethod><methodDescription>(Ljava/lang/String;Ljava/time/LocalDateTime;)V</methodDescription><lineNumber>52</lineNumber><mutator>org.pitest.mutationtest.engine.gregor.mutators.VoidMethodCallMutator</mutator><index>14</index><block>1</block><killingTest>nl.tudelft.unischeduler.scheduleedit.core.ScheduleEditModuleTests.[engine:junit-jupiter]/[class:nl.tudelft.unischeduler.scheduleedit.core.ScheduleEditModuleTests]/[method:reportTeacherTest()]</killingTest><description>removed call to nl/tudelft/unischeduler/scheduleedit/services/TeacherService::cancelLectures</description></mutation>
<mutation detected='false' status='SURVIVED' numberOfTestsRun='2'><sourceFile>CourseService.java</sourceFile><mutatedClass>nl.tudelft.unischeduler.scheduleedit.services.CourseService</mutatedClass><mutatedMethod>addStudentsToCourse</mutatedMethod><methodDescription>(Ljava/util/List;J)V</methodDescription><lineNumber>94</lineNumber><mutator>org.pitest.mutationtest.engine.gregor.mutators.VoidMethodCallMutator</mutator><index>40</index><block>7</block><killingTest/><description>removed call to nl/tudelft/unischeduler/scheduleedit/services/CourseService::verifyStatusCode</description></mutation>
<mutation detected='true' status='KILLED' numberOfTestsRun='1'><sourceFile>CourseService.java</sourceFile><mutatedClass>nl.tudelft.unischeduler.scheduleedit.services.CourseService</mutatedClass><mutatedMethod>constructPathParam</mutatedMethod><methodDescription>(Ljava/util/List;)Ljava/lang/String;</methodDescription><lineNumber>69</lineNumber><mutator>org.pitest.mutationtest.engine.gregor.mutators.EmptyObjectReturnValsMutator</mutator><index>12</index><block>3</block><killingTest>nl.tudelft.unischeduler.scheduleedit.core.ScheduleEditModuleTests.[engine:junit-jupiter]/[class:nl.tudelft.unischeduler.scheduleedit.core.ScheduleEditModuleTests]/[method:pathParamConstructEmptyTest()]</killingTest><description>replaced return value with &#34;&#34; for nl/tudelft/unischeduler/scheduleedit/services/CourseService::constructPathParam</description></mutation>
<mutation detected='true' status='KILLED' numberOfTestsRun='1'><sourceFile>CourseService.java</sourceFile><mutatedClass>nl.tudelft.unischeduler.scheduleedit.services.CourseService</mutatedClass><mutatedMethod>constructPathParam</mutatedMethod><methodDescription>(Ljava/util/List;)Ljava/lang/String;</methodDescription><lineNumber>77</lineNumber><mutator>org.pitest.mutationtest.engine.gregor.mutators.EmptyObjectReturnValsMutator</mutator><index>67</index><block>18</block><killingTest>nl.tudelft.unischeduler.scheduleedit.core.ScheduleEditModuleTests.[engine:junit-jupiter]/[class:nl.tudelft.unischeduler.scheduleedit.core.ScheduleEditModuleTests]/[method:pathParamConstructMultipleTest()]</killingTest><description>replaced return value with &#34;&#34; for nl/tudelft/unischeduler/scheduleedit/services/CourseService::constructPathParam</description></mutation>
<mutation detected='true' status='KILLED' numberOfTestsRun='2'><sourceFile>CourseService.java</sourceFile><mutatedClass>nl.tudelft.unischeduler.scheduleedit.services.CourseService</mutatedClass><mutatedMethod>constructPathParam</mutatedMethod><methodDescription>(Ljava/util/List;)Ljava/lang/String;</methodDescription><lineNumber>68</lineNumber><mutator>org.pitest.mutationtest.engine.gregor.mutators.NegateConditionalsMutator</mutator><index>4</index><block>0</block><killingTest>nl.tudelft.unischeduler.scheduleedit.core.ScheduleEditModuleTests.[engine:junit-jupiter]/[class:nl.tudelft.unischeduler.scheduleedit.core.ScheduleEditModuleTests]/[method:pathParamConstructMultipleTest()]</killingTest><description>negated conditional</description></mutation>
<mutation detected='true' status='KILLED' numberOfTestsRun='1'><sourceFile>CourseService.java</sourceFile><mutatedClass>nl.tudelft.unischeduler.scheduleedit.services.CourseService</mutatedClass><mutatedMethod>constructPathParam</mutatedMethod><methodDescription>(Ljava/util/List;)Ljava/lang/String;</methodDescription><lineNumber>68</lineNumber><mutator>org.pitest.mutationtest.engine.gregor.mutators.NegateConditionalsMutator</mutator><index>7</index><block>2</block><killingTest>nl.tudelft.unischeduler.scheduleedit.core.ScheduleEditModuleTests.[engine:junit-jupiter]/[class:nl.tudelft.unischeduler.scheduleedit.core.ScheduleEditModuleTests]/[method:pathParamConstructEmptyTest()]</killingTest><description>negated conditional</description></mutation>
<mutation detected='true' status='KILLED' numberOfTestsRun='1'><sourceFile>CourseService.java</sourceFile><mutatedClass>nl.tudelft.unischeduler.scheduleedit.services.CourseService</mutatedClass><mutatedMethod>createCourse</mutatedMethod><methodDescription>(Ljava/lang/String;I)J</methodDescription><lineNumber>30</lineNumber><mutator>org.pitest.mutationtest.engine.gregor.mutators.PrimitiveReturnsMutator</mutator><index>44</index><block>8</block><killingTest>nl.tudelft.unischeduler.scheduleedit.integration.CourseControllerTest.[engine:junit-jupiter]/[class:nl.tudelft.unischeduler.scheduleedit.integration.CourseControllerTest]/[method:createCourseTest()]</killingTest><description>replaced long return with 0 for nl/tudelft/unischeduler/scheduleedit/services/CourseService::createCourse</description></mutation>
<mutation detected='false' status='SURVIVED' numberOfTestsRun='2'><sourceFile>CourseService.java</sourceFile><mutatedClass>nl.tudelft.unischeduler.scheduleedit.services.CourseService</mutatedClass><mutatedMethod>createCourse</mutatedMethod><methodDescription>(Ljava/lang/String;I)J</methodDescription><lineNumber>29</lineNumber><mutator>org.pitest.mutationtest.engine.gregor.mutators.VoidMethodCallMutator</mutator><index>38</index><block>6</block><killingTest/><description>removed call to nl/tudelft/unischeduler/scheduleedit/services/CourseService::verifyStatusCode</description></mutation>
<mutation detected='true' status='KILLED' numberOfTestsRun='1'><sourceFile>CourseService.java</sourceFile><mutatedClass>nl.tudelft.unischeduler.scheduleedit.services.CourseService</mutatedClass><mutatedMethod>createLecture</mutatedMethod><methodDescription>(JLjava/lang/String;Ljava/time/LocalDateTime;Ljava/time/Duration;)J</methodDescription><lineNumber>58</lineNumber><mutator>org.pitest.mutationtest.engine.gregor.mutators.PrimitiveReturnsMutator</mutator><index>61</index><block>9</block><killingTest>nl.tudelft.unischeduler.scheduleedit.integration.CourseControllerTest.[engine:junit-jupiter]/[class:nl.tudelft.unischeduler.scheduleedit.integration.CourseControllerTest]/[method:createLectureTest()]</killingTest><description>replaced long return with 0 for nl/tudelft/unischeduler/scheduleedit/services/CourseService::createLecture</description></mutation>
<mutation detected='false' status='SURVIVED' numberOfTestsRun='2'><sourceFile>CourseService.java</sourceFile><mutatedClass>nl.tudelft.unischeduler.scheduleedit.services.CourseService</mutatedClass><mutatedMethod>createLecture</mutatedMethod><methodDescription>(JLjava/lang/String;Ljava/time/LocalDateTime;Ljava/time/Duration;)J</methodDescription><lineNumber>57</lineNumber><mutator>org.pitest.mutationtest.engine.gregor.mutators.VoidMethodCallMutator</mutator><index>55</index><block>7</block><killingTest/><description>removed call to nl/tudelft/unischeduler/scheduleedit/services/CourseService::verifyStatusCode</description></mutation>
<mutation detected='true' status='KILLED' numberOfTestsRun='1'><sourceFile>DatabaseService.java</sourceFile><mutatedClass>nl.tudelft.unischeduler.scheduleedit.services.DatabaseService</mutatedClass><mutatedMethod>extractLong</mutatedMethod><methodDescription>(Lorg/springframework/http/ResponseEntity;)J</methodDescription><lineNumber>57</lineNumber><mutator>org.pitest.mutationtest.engine.gregor.mutators.NegateConditionalsMutator</mutator><index>15</index><block>2</block><killingTest>nl.tudelft.unischeduler.scheduleedit.integration.CourseControllerTest.[engine:junit-jupiter]/[class:nl.tudelft.unischeduler.scheduleedit.integration.CourseControllerTest]/[method:createCourseTest()]</killingTest><description>negated conditional</description></mutation>
<mutation detected='true' status='KILLED' numberOfTestsRun='1'><sourceFile>DatabaseService.java</sourceFile><mutatedClass>nl.tudelft.unischeduler.scheduleedit.services.DatabaseService</mutatedClass><mutatedMethod>extractLong</mutatedMethod><methodDescription>(Lorg/springframework/http/ResponseEntity;)J</methodDescription><lineNumber>60</lineNumber><mutator>org.pitest.mutationtest.engine.gregor.mutators.PrimitiveReturnsMutator</mutator><index>28</index><block>6</block><killingTest>nl.tudelft.unischeduler.scheduleedit.integration.CourseControllerTest.[engine:junit-jupiter]/[class:nl.tudelft.unischeduler.scheduleedit.integration.CourseControllerTest]/[method:createCourseTest()]</killingTest><description>replaced long return with 0 for nl/tudelft/unischeduler/scheduleedit/services/DatabaseService::extractLong</description></mutation>
<mutation detected='false' status='SURVIVED' numberOfTestsRun='3'><sourceFile>DatabaseService.java</sourceFile><mutatedClass>nl.tudelft.unischeduler.scheduleedit.services.DatabaseService</mutatedClass><mutatedMethod>extractLong</mutatedMethod><methodDescription>(Lorg/springframework/http/ResponseEntity;)J</methodDescription><lineNumber>55</lineNumber><mutator>org.pitest.mutationtest.engine.gregor.mutators.VoidMethodCallMutator</mutator><index>5</index><block>0</block><killingTest/><description>removed call to nl/tudelft/unischeduler/scheduleedit/services/DatabaseService::verifyStatusCode</description></mutation>
<mutation detected='true' status='KILLED' numberOfTestsRun='1'><sourceFile>DatabaseService.java</sourceFile><mutatedClass>nl.tudelft.unischeduler.scheduleedit.services.DatabaseService</mutatedClass><mutatedMethod>verifyStatusCode</mutatedMethod><methodDescription>(Lorg/springframework/http/ResponseEntity;)V</methodDescription><lineNumber>39</lineNumber><mutator>org.pitest.mutationtest.engine.gregor.mutators.NegateConditionalsMutator</mutator><index>4</index><block>0</block><killingTest>nl.tudelft.unischeduler.scheduleedit.integration.TeacherControllerTest.[engine:junit-jupiter]/[class:nl.tudelft.unischeduler.scheduleedit.integration.TeacherControllerTest]/[method:cancelStandardTeacherLectureTest()]</killingTest><description>negated conditional</description></mutation>
<mutation detected='false' status='NO_COVERAGE' numberOfTestsRun='0'><sourceFile>DatabaseService.java</sourceFile><mutatedClass>nl.tudelft.unischeduler.scheduleedit.services.DatabaseService</mutatedClass><mutatedMethod>verifyStatusCode</mutatedMethod><methodDescription>(Lorg/springframework/http/ResponseEntity;)V</methodDescription><lineNumber>49</lineNumber><mutator>org.pitest.mutationtest.engine.gregor.mutators.VoidMethodCallMutator</mutator><index>42</index><block>9</block><killingTest/><description>removed call to java/io/PrintStream::println</description></mutation>
<mutation detected='true' status='KILLED' numberOfTestsRun='1'><sourceFile>CourseController.java</sourceFile><mutatedClass>nl.tudelft.unischeduler.scheduleedit.controller.CourseController</mutatedClass><mutatedMethod>addStudentsToLecture</mutatedMethod><methodDescription>(Ljava/util/List;J)V</methodDescription><lineNumber>42</lineNumber><mutator>org.pitest.mutationtest.engine.gregor.mutators.VoidMethodCallMutator</mutator><index>7</index><block>0</block><killingTest>nl.tudelft.unischeduler.scheduleedit.integration.CourseControllerTest.[engine:junit-jupiter]/[class:nl.tudelft.unischeduler.scheduleedit.integration.CourseControllerTest]/[method:addStudentToLecture()]</killingTest><description>removed call to nl/tudelft/unischeduler/scheduleedit/core/ScheduleEditModule::addStudentGroupLecture</description></mutation>
<mutation detected='true' status='KILLED' numberOfTestsRun='1'><sourceFile>CourseController.java</sourceFile><mutatedClass>nl.tudelft.unischeduler.scheduleedit.controller.CourseController</mutatedClass><mutatedMethod>createCourse</mutatedMethod><methodDescription>(Ljava/lang/String;I)J</methodDescription><lineNumber>28</lineNumber><mutator>org.pitest.mutationtest.engine.gregor.mutators.PrimitiveReturnsMutator</mutator><index>8</index><block>1</block><killingTest>nl.tudelft.unischeduler.scheduleedit.integration.CourseControllerTest.[engine:junit-jupiter]/[class:nl.tudelft.unischeduler.scheduleedit.integration.CourseControllerTest]/[method:createCourseTest()]</killingTest><description>replaced long return with 0 for nl/tudelft/unischeduler/scheduleedit/controller/CourseController::createCourse</description></mutation>
<mutation detected='true' status='KILLED' numberOfTestsRun='1'><sourceFile>CourseController.java</sourceFile><mutatedClass>nl.tudelft.unischeduler.scheduleedit.controller.CourseController</mutatedClass><mutatedMethod>createLecture</mutatedMethod><methodDescription>(JLjava/lang/String;IILjava/time/Duration;)J</methodDescription><lineNumber>36</lineNumber><mutator>org.pitest.mutationtest.engine.gregor.mutators.PrimitiveReturnsMutator</mutator><index>11</index><block>1</block><killingTest>nl.tudelft.unischeduler.scheduleedit.integration.CourseControllerTest.[engine:junit-jupiter]/[class:nl.tudelft.unischeduler.scheduleedit.integration.CourseControllerTest]/[method:createLectureTest()]</killingTest><description>replaced long return with 0 for nl/tudelft/unischeduler/scheduleedit/controller/CourseController::createLecture</description></mutation>
<mutation detected='true' status='KILLED' numberOfTestsRun='1'><sourceFile>StudentController.java</sourceFile><mutatedClass>nl.tudelft.unischeduler.scheduleedit.controller.StudentController</mutatedClass><mutatedMethod>cancelAttendance</mutatedMethod><methodDescription>(Ljava/lang/String;Ljava/time/LocalDateTime;)V</methodDescription><lineNumber>39</lineNumber><mutator>org.pitest.mutationtest.engine.gregor.mutators.VoidMethodCallMutator</mutator><index>7</index><block>0</block><killingTest>nl.tudelft.unischeduler.scheduleedit.integration.StudentControllerTest.[engine:junit-jupiter]/[class:nl.tudelft.unischeduler.scheduleedit.integration.StudentControllerTest]/[method:canclePastTest()]</killingTest><description>removed call to nl/tudelft/unischeduler/scheduleedit/core/ScheduleEditModule::reportStudentSick</description></mutation>
<mutation detected='true' status='KILLED' numberOfTestsRun='1'><sourceFile>StudentController.java</sourceFile><mutatedClass>nl.tudelft.unischeduler.scheduleedit.controller.StudentController</mutatedClass><mutatedMethod>cancelLecturesStandard</mutatedMethod><methodDescription>(Ljava/lang/String;)V</methodDescription><lineNumber>46</lineNumber><mutator>org.pitest.mutationtest.engine.gregor.mutators.VoidMethodCallMutator</mutator><index>6</index><block>0</block><killingTest>nl.tudelft.unischeduler.scheduleedit.integration.StudentControllerTest.[engine:junit-jupiter]/[class:nl.tudelft.unischeduler.scheduleedit.integration.StudentControllerTest]/[method:cancelStandardStudentAttendenceTest()]</killingTest><description>removed call to nl/tudelft/unischeduler/scheduleedit/core/ScheduleEditModule::reportStudentSick</description></mutation>
<mutation detected='false' status='SURVIVED' numberOfTestsRun='2'><sourceFile>StudentService.java</sourceFile><mutatedClass>nl.tudelft.unischeduler.scheduleedit.services.StudentService</mutatedClass><mutatedMethod>cancelStudentAttendance</mutatedMethod><methodDescription>(Ljava/lang/String;Ljava/time/LocalDateTime;Ljava/time/LocalDateTime;)V</methodDescription><lineNumber>58</lineNumber><mutator>org.pitest.mutationtest.engine.gregor.mutators.VoidMethodCallMutator</mutator><index>36</index><block>7</block><killingTest/><description>removed call to nl/tudelft/unischeduler/scheduleedit/services/StudentService::verifyStatusCode</description></mutation>
<mutation detected='false' status='SURVIVED' numberOfTestsRun='2'><sourceFile>StudentService.java</sourceFile><mutatedClass>nl.tudelft.unischeduler.scheduleedit.services.StudentService</mutatedClass><mutatedMethod>setUserSick</mutatedMethod><methodDescription>(Ljava/lang/String;Ljava/time/LocalDateTime;)V</methodDescription><lineNumber>36</lineNumber><mutator>org.pitest.mutationtest.engine.gregor.mutators.VoidMethodCallMutator</mutator><index>33</index><block>6</block><killingTest/><description>removed call to nl/tudelft/unischeduler/scheduleedit/services/StudentService::verifyStatusCode</description></mutation>
<mutation detected='true' status='KILLED' numberOfTestsRun='1'><sourceFile>TeacherController.java</sourceFile><mutatedClass>nl.tudelft.unischeduler.scheduleedit.controller.TeacherController</mutatedClass><mutatedMethod>cancelLectures</mutatedMethod><methodDescription>(Ljava/lang/String;Ljava/time/LocalDateTime;)V</methodDescription><lineNumber>41</lineNumber><mutator>org.pitest.mutationtest.engine.gregor.mutators.VoidMethodCallMutator</mutator><index>7</index><block>0</block><killingTest>nl.tudelft.unischeduler.scheduleedit.integration.TeacherControllerTest.[engine:junit-jupiter]/[class:nl.tudelft.unischeduler.scheduleedit.integration.TeacherControllerTest]/[method:cancelPastTest()]</killingTest><description>removed call to nl/tudelft/unischeduler/scheduleedit/core/ScheduleEditModule::reportTeacherSick</description></mutation>
<mutation detected='true' status='KILLED' numberOfTestsRun='1'><sourceFile>TeacherController.java</sourceFile><mutatedClass>nl.tudelft.unischeduler.scheduleedit.controller.TeacherController</mutatedClass><mutatedMethod>cancelLecturesStandard</mutatedMethod><methodDescription>(Ljava/lang/String;)V</methodDescription><lineNumber>55</lineNumber><mutator>org.pitest.mutationtest.engine.gregor.mutators.VoidMethodCallMutator</mutator><index>6</index><block>0</block><killingTest>nl.tudelft.unischeduler.scheduleedit.integration.TeacherControllerTest.[engine:junit-jupiter]/[class:nl.tudelft.unischeduler.scheduleedit.integration.TeacherControllerTest]/[method:cancelStandardTeacherLectureTest()]</killingTest><description>removed call to nl/tudelft/unischeduler/scheduleedit/core/ScheduleEditModule::reportTeacherSick</description></mutation>
<mutation detected='false' status='SURVIVED' numberOfTestsRun='2'><sourceFile>TeacherService.java</sourceFile><mutatedClass>nl.tudelft.unischeduler.scheduleedit.services.TeacherService</mutatedClass><mutatedMethod>cancelLectures</mutatedMethod><methodDescription>(Ljava/lang/String;Ljava/time/LocalDateTime;Ljava/time/LocalDateTime;)V</methodDescription><lineNumber>35</lineNumber><mutator>org.pitest.mutationtest.engine.gregor.mutators.VoidMethodCallMutator</mutator><index>45</index><block>7</block><killingTest/><description>removed call to nl/tudelft/unischeduler/scheduleedit/services/TeacherService::verifyStatusCode</description></mutation>
<mutation detected='false' status='SURVIVED' numberOfTestsRun='1'><sourceFile>ScheduleEditConfiguration.java</sourceFile><mutatedClass>nl.tudelft.unischeduler.scheduleedit.ScheduleEditConfiguration</mutatedClass><mutatedMethod>getClock</mutatedMethod><methodDescription>()Ljava/time/Clock;</methodDescription><lineNumber>19</lineNumber><mutator>org.pitest.mutationtest.engine.gregor.mutators.NullReturnValsMutator</mutator><index>4</index><block>0</block><killingTest/><description>replaced return value with null for nl/tudelft/unischeduler/scheduleedit/ScheduleEditConfiguration::getClock</description></mutation>
<mutation detected='false' status='SURVIVED' numberOfTestsRun='1'><sourceFile>ScheduleEditApplication.java</sourceFile><mutatedClass>nl.tudelft.unischeduler.scheduleedit.ScheduleEditApplication</mutatedClass><mutatedMethod>getWebClientBuilder</mutatedMethod><methodDescription>()Lorg/springframework/web/reactive/function/client/WebClient$Builder;</methodDescription><lineNumber>17</lineNumber><mutator>org.pitest.mutationtest.engine.gregor.mutators.NullReturnValsMutator</mutator><index>4</index><block>1</block><killingTest/><description>replaced return value with null for nl/tudelft/unischeduler/scheduleedit/ScheduleEditApplication::getWebClientBuilder</description></mutation>
</mutations>
